========== New Cold Start Attempt (2026-08-06T06:18:30.4566617+00:00) ==========
2026-08-06T06:18:30.4566617+00:00 ContainerStatus: Site is running with deployment version: c90845ba-f4e6-4dec-ac8b-5d4a54660963
2026-08-06T06:18:30.4583410+00:00 ContainerStatus: Site started.
2026-08-06T06:18:30.4619255+00:00 ContainerStatus: State: Started, Action: None, LastError: , LastErrorTimestamp: 01/01/0001 00:00:00, LastErrorDetails: , Details: Site started at 08/06/2026 06:18:30 (UTC), DetailsLevel: INFO
2026-08-06T06:18:30.4709820+00:00 ContainerStatus: Site is running with patch version PHP-8.2.30
2026-08-06T06:18:50.6113422+00:00 ContainerStatus: State: Stopping, Action: StoppingSiteContainers, LastError: , LastErrorTimestamp: 01/01/0001 00:00:00, LastErrorDetails: , Details: Site started at 08/06/2026 05:01:50 (UTC), DetailsLevel: INFO
2026-08-06T06:18:50.6126454+00:00 ContainerStatus: Container is terminating. Grace period: 5 seconds.
2026-08-06T06:18:50.6598036+00:00 ContainerStatus: Stop and delete container. Retry count = 0
2026-08-06T06:18:50.6620160+00:00 ContainerStatus: Stopping container: b36cbd7907e5_webappkrant20260805.
2026-08-06T06:18:56.2529283+00:00 ContainerStatus: Deleting container: b36cbd7907e5_webappkrant20260805. Retry count = 0
2026-08-06T06:18:56.5759269+00:00 ContainerStatus: Container spec TerminationMessagePolicy  path 
2026-08-06T06:18:56.5777120+00:00 ContainerStatus: Container is terminated. Total time elapsed: 5962 ms.
2026-08-06T06:18:56.5878767+00:00 ContainerStatus: Site: webappkrant20260805 stopped.
2026-08-06T07:35:23.7672294+00:00 ContainerStatus: State: Starting, Action: EstablishingSiteNetworks, LastError: , LastErrorTimestamp: 01/01/0001 00:00:00, LastErrorDetails: , Details: , DetailsLevel: INFO
2026-08-06T07:35:29.5898772+00:00 ContainerStatus: State: Starting, Action: StartingMsiContainer, LastError: , LastErrorTimestamp: 01/01/0001 00:00:00, LastErrorDetails: , Details: , DetailsLevel: INFO
2026-08-06T07:35:58.4225863+00:00 ContainerStatus: State: Starting, Action: StartingSiteContainers, LastError: , LastErrorTimestamp: 01/01/0001 00:00:00, LastErrorDetails: , Details: , DetailsLevel: INFO
2026-08-06T07:35:58.4236807+00:00 ContainerStatus: Container start method called.
2026-08-06T07:35:58.4304672+00:00 ContainerStatus: State: Starting, Action: PullingImage, LastError: , LastErrorTimestamp: 01/01/0001 00:00:00, LastErrorDetails: , Details: Pulling image 10.1.0.4:13209/appsvc/python:3.12_20260710.8.tuxprod for webappkrant20260805., DetailsLevel: INFO
2026-08-06T07:35:58.4306003+00:00 ContainerStatus: Establishing network.
2026-08-06T07:35:58.4306930+00:00 ContainerStatus: Pulling image: appsvc/python:3.12_20260710.8.tuxprod.
2026-08-06T07:37:37.7467449+00:00 ContainerStatus: Container pull image interrupted. Revert by terminate.
2026-08-06T07:37:37.7475464+00:00 ContainerStatus: Container is terminating. Grace period: 5 seconds.
2026-08-06T07:37:37.7551879+00:00 ContainerStatus: Container spec TerminationMessagePolicy  path 
2026-08-06T07:37:37.7664650+00:00 ContainerStatus: Container is terminated. Total time elapsed: 18 ms.
2026-08-06T07:37:37.7759289+00:00 ContainerStatus: Site container: webappkrant20260805 terminated during site startup.
2026-08-06T07:37:37.8052971+00:00 ContainerStatus: State: Stopping, Action: CancellingStartup, LastError: , LastErrorTimestamp: 01/01/0001 00:00:00, LastErrorDetails: , Details: Site container: webappkrant20260805 terminated during site startup. Cancelling site startup., DetailsLevel: ERR
2026-08-06T07:37:37.8947241+00:00 ContainerStatus: State: Stopping, Action: CancellingStartup, LastError: SiteStartupCancelled, LastErrorTimestamp: 08/06/2026 07:37:37, LastErrorDetails: Site stopped manually or container terminated, Details: Site stopped manually or container terminated, DetailsLevel: WARN
2026-08-06T07:37:38.3993464+00:00 ContainerStatus: State: Stopping, Action: StoppingSite, LastError: SiteStartupCancelled, LastErrorTimestamp: 08/06/2026 07:37:37, LastErrorDetails: Site stopped manually or container terminated, Details: Site stopped manually or container terminated, DetailsLevel: WARN
2026-08-06T07:37:38.4362943+00:00 ContainerStatus: State: Stopping, Action: StoppingSiteContainers, LastError: SiteStartupCancelled, LastErrorTimestamp: 08/06/2026 07:37:37, LastErrorDetails: Site stopped manually or container terminated, Details: Site stopped manually or container terminated, DetailsLevel: WARN
2026-08-06T07:37:41.0426468+00:00 ContainerStatus: Site container: webappkrant20260805_managedIdentity terminated during site startup.
2026-08-06T07:37:41.1578537+00:00 ContainerStatus: State: Stopping, Action: StoppingSiteContainers, LastError: SiteStartupCancelled, LastErrorTimestamp: 08/06/2026 07:37:37, LastErrorDetails: Site stopped manually or container terminated, Details: Site stopped manually or container terminated, DetailsLevel: WARN
2026-08-06T07:37:41.1752429+00:00 ContainerStatus: Site: webappkrant20260805 stopped.
========== New Cold Start Attempt (2026-08-06T07:37:49.8802780+00:00) ==========
2026-08-06T07:37:49.8802780+00:00 ContainerStatus: State: Starting, Action: EstablishingSiteNetworks, LastError: , LastErrorTimestamp: 01/01/0001 00:00:00, LastErrorDetails: , Details: , DetailsLevel: INFO
2026-08-06T07:37:59.0407427+00:00 ContainerStatus: State: Starting, Action: StartingMsiContainer, LastError: , LastErrorTimestamp: 01/01/0001 00:00:00, LastErrorDetails: , Details: , DetailsLevel: INFO
2026-08-06T07:38:27.6905905+00:00 ContainerStatus: State: Starting, Action: StartingSiteContainers, LastError: , LastErrorTimestamp: 01/01/0001 00:00:00, LastErrorDetails: , Details: , DetailsLevel: INFO
2026-08-06T07:38:27.6916844+00:00 ContainerStatus: Container start method called.
2026-08-06T07:38:27.6918064+00:00 ContainerStatus: State: Starting, Action: PullingImage, LastError: , LastErrorTimestamp: 01/01/0001 00:00:00, LastErrorDetails: , Details: Pulling image 10.1.0.5:13209/appsvc/python:3.12_20260710.8.tuxprod for webappkrant20260805., DetailsLevel: INFO
2026-08-06T07:38:27.6919948+00:00 ContainerStatus: Establishing network.
2026-08-06T07:38:27.6921486+00:00 ContainerStatus: Pulling image: appsvc/python:3.12_20260710.8.tuxprod.
2026-08-06T07:40:01.1694625+00:00 ContainerStatus: Image appsvc/python:3.12_20260710.8.tuxprod is pulled from registry 10.1.0.5:13209
2026-08-06T07:40:01.1721598+00:00 ContainerStatus: Container is starting.
2026-08-06T07:40:01.2160720+00:00 ContainerStatus: State: Starting, Action: MountingVolumes, LastError: , LastErrorTimestamp: 01/01/0001 00:00:00, LastErrorDetails: , Details: Mounting volumes for webappkrant20260805., DetailsLevel: INFO
2026-08-06T07:40:01.2173715+00:00 ContainerStatus: Establishing user namespace if not established already.
2026-08-06T07:40:01.2178092+00:00 ContainerStatus: Establishing network if not established already.
2026-08-06T07:40:01.2196858+00:00 ContainerStatus: Mounting volumes.
2026-08-06T07:40:01.2472141+00:00 ContainerStatus: Nested mountpoint 
2026-08-06T07:40:01.2760821+00:00 ContainerStatus: Nested mountpoint volatile/logs
2026-08-06T07:40:01.5091902+00:00 ContainerStatus: Nested mountpoint 
2026-08-06T07:40:01.8642690+00:00 ContainerStatus: Nested mountpoint 
2026-08-06T07:40:01.9026953+00:00 ContainerStatus: Nested mountpoint 
2026-08-06T07:40:02.1178088+00:00 ContainerStatus: Nested mountpoint 
2026-08-06T07:40:02.9754705+00:00 ContainerStatus: State: Starting, Action: CreatingContainer, LastError: , LastErrorTimestamp: 01/01/0001 00:00:00, LastErrorDetails: , Details: Finished pulling container image and mounting volumes for webappkrant20260805. Allocatinng the rest of the container resources to finish container creation., DetailsLevel: INFO
2026-08-06T07:40:03.0039688+00:00 ContainerStatus: Creating container.
2026-08-06T07:40:03.0043113+00:00 ContainerStatus: Creating pipes for streaming container io.
2026-08-06T07:40:03.0043815+00:00 ContainerStatus: Creating stdout named pipe at /podr/container/pipe/63ee8bb996e2_webappkrant20260805/stdout_e74f03cd838e48058e2b7bebfe3a6b6b.
2026-08-06T07:40:03.0456576+00:00 ContainerStatus: Successfully created stdout named pipe at: /podr/container/pipe/63ee8bb996e2_webappkrant20260805/stdout_e74f03cd838e48058e2b7bebfe3a6b6b.
2026-08-06T07:40:03.0457487+00:00 ContainerStatus: Opening named pipe /podr/container/pipe/63ee8bb996e2_webappkrant20260805/stdout_e74f03cd838e48058e2b7bebfe3a6b6b for reading in non-blocking mode.
2026-08-06T07:40:03.0458333+00:00 ContainerStatus: Successfully opened named pipe: /podr/container/pipe/63ee8bb996e2_webappkrant20260805/stdout_e74f03cd838e48058e2b7bebfe3a6b6b.
2026-08-06T07:40:03.0459791+00:00 ContainerStatus: Successfully removed non-blocking flag from /podr/container/pipe/63ee8bb996e2_webappkrant20260805/stdout_e74f03cd838e48058e2b7bebfe3a6b6b.
2026-08-06T07:40:03.0560313+00:00 ContainerStatus: Creating stderr named pipe at /podr/container/pipe/63ee8bb996e2_webappkrant20260805/stderr_f9b1abe7c0b946a59d0c8ec252c993c3.
2026-08-06T07:40:03.2369370+00:00 ContainerStatus: Successfully created stderr named pipe at: /podr/container/pipe/63ee8bb996e2_webappkrant20260805/stderr_f9b1abe7c0b946a59d0c8ec252c993c3.
2026-08-06T07:40:03.2371513+00:00 ContainerStatus: Opening named pipe /podr/container/pipe/63ee8bb996e2_webappkrant20260805/stderr_f9b1abe7c0b946a59d0c8ec252c993c3 for reading in non-blocking mode.
2026-08-06T07:40:03.2372952+00:00 ContainerStatus: Successfully opened named pipe: /podr/container/pipe/63ee8bb996e2_webappkrant20260805/stderr_f9b1abe7c0b946a59d0c8ec252c993c3.
2026-08-06T07:40:03.2373593+00:00 ContainerStatus: Successfully removed non-blocking flag from /podr/container/pipe/63ee8bb996e2_webappkrant20260805/stderr_f9b1abe7c0b946a59d0c8ec252c993c3.
2026-08-06T07:40:03.2375902+00:00 ContainerStatus: Creating container with image: appsvc/python:3.12_20260710.8.tuxprod from registry: 10.1.0.5:13209 and fully qualified image name: 10.1.0.5:13209/appsvc/python:3.12_20260710.8.tuxprod
2026-08-06T07:40:06.7502976+00:00 ContainerStatus: Starting container: 63ee8bb996e2_webappkrant20260805.
2026-08-06T07:40:06.9183309+00:00 ContainerStatus: Starting watchers and probes.
2026-08-06T07:40:06.9296108+00:00 ContainerStatus: Starting metrics collection.
2026-08-06T07:40:06.9299106+00:00 ContainerStatus: Container is running.
2026-08-06T07:40:06.9568797+00:00 ContainerStatus: State: Starting, Action: CreatingContainer, LastError: , LastErrorTimestamp: 01/01/0001 00:00:00, LastErrorDetails: , Details: Container webappkrant20260805 successfully created and is running., DetailsLevel: INFO
2026-08-06T07:40:07.4029984+00:00 ContainerStatus: Container start method finished after 99711 ms.
2026-08-06T07:40:07.4038611+00:00 ContainerStatus: State: Starting, Action: InitiatingSiteWarmUpProbe, LastError: , LastErrorTimestamp: 01/01/0001 00:00:00, LastErrorDetails: , Details: Container webappkrant20260805 successfully created and is running., DetailsLevel: INFO
2026-08-06T07:40:07.4109519+00:00 ContainerStatus: State: Starting, Action: WaitingForSiteWarmUpProbeSuccess, LastError: , LastErrorTimestamp: 01/01/0001 00:00:00, LastErrorDetails: , Details: Pinging warmup path to ensure container is ready to receive requests., DetailsLevel: INFO
2026-08-06T07:40:08.3361519+00:00 ContainerStream:    _____                               
2026-08-06T07:40:08.3445107+00:00 ContainerStream:   /  _  \ __________ _________   ____  
2026-08-06T07:40:08.3445620+00:00 ContainerStream:  /  /_\  \\___   /  |  \_  __ \_/ __ \ 
2026-08-06T07:40:08.3445652+00:00 ContainerStream: /    |    \/    /|  |  /|  | \/\  ___/ 
2026-08-06T07:40:08.3445677+00:00 ContainerStream: \____|__  /_____ \____/ |__|    \___  >
2026-08-06T07:40:08.3445720+00:00 ContainerStream:         \/      \/                  \/ 
2026-08-06T07:40:08.3445750+00:00 ContainerStream: A P P   S E R V I C E   O N   L I N U X
2026-08-06T07:40:08.3445773+00:00 ContainerStream: 
2026-08-06T07:40:08.3445811+00:00 ContainerStream: Documentation     : https://aka.ms/webapp-linux
2026-08-06T07:40:08.3445865+00:00 ContainerStream: Python quickstart : https://aka.ms/python-qs
2026-08-06T07:40:08.3445895+00:00 ContainerStream: Python version    : 3.12.13
2026-08-06T07:40:08.3445922+00:00 ContainerStream: Instance name     : lw0sdlwk0000BZ
2026-08-06T07:40:08.3445963+00:00 ContainerStream: Instance id       : 2ddc320b3ce56068eef7d30467cf47281e2049dbabf0cdd575a97ac496677136
2026-08-06T07:40:08.3445987+00:00 ContainerStream: 
2026-08-06T07:40:08.3446012+00:00 ContainerStream: App port          : 8000
2026-08-06T07:40:08.3446037+00:00 ContainerStream: Port selected by  : Default for this image
2026-08-06T07:40:08.3446066+00:00 ContainerStream: (Learn more about the PORT appsetting https://aka.ms/webapp-python-settings)
2026-08-06T07:40:08.3446113+00:00 ContainerStream: 
2026-08-06T07:40:08.3446142+00:00 ContainerStream: Note: Any data outside '/home' is not persisted
2026-08-06T07:40:08.3446165+00:00 ContainerStream: 
2026-08-06T07:40:08.3446215+00:00 ContainerStream: ────────────────────────────────────────────────────────────────
2026-08-06T07:40:08.3446248+00:00 ContainerStream:  Run 'apphelp' for available commands and aliases.
2026-08-06T07:40:08.3446277+00:00 ContainerStream:  Run 'install-nettools' to install networking utilities.
2026-08-06T07:40:08.3446336+00:00 ContainerStream: ────────────────────────────────────────────────────────────────
2026-08-06T07:40:12.5558744+00:00 ContainerStream: Starting OpenBSD Secure Shell server: sshd.
2026-08-06T07:40:12.6267321+00:00 ContainerStream: WEBSITES_INCLUDE_CLOUD_CERTS is not set to true.
2026-08-06T07:40:12.8030871+00:00 ContainerStream: Updating certificates in /etc/ssl/certs...
2026-08-06T07:40:41.8329691+00:00 ContainerStream: rehash: warning: skipping ca-certificates.crt,it does not contain exactly one certificate or CRL
2026-08-06T07:40:42.0142193+00:00 ContainerStream: rehash: warning: skipping duplicate certificate in azl_SSL.com_TLS_RSA_Root_CA_2022.pem
2026-08-06T07:40:42.2500928+00:00 ContainerStream: rehash: warning: skipping duplicate certificate in azl_SSL.com_TLS_ECC_Root_CA_2022.pem
2026-08-06T07:40:42.3590694+00:00 ContainerStream: 4 added, 0 removed; done.
2026-08-06T07:40:42.3769652+00:00 ContainerStream: Running hooks in /etc/ca-certificates/update.d...
2026-08-06T07:40:42.3786049+00:00 ContainerStream: done.
2026-08-06T07:40:42.4260083+00:00 ContainerStream: CA certificates copied and updated successfully.
2026-08-06T07:40:42.8043147+00:00 ContainerStream: Site's appCommandLine: gunicorn --bind=0.0.0.0 app:app
2026-08-06T07:40:43.2953701+00:00 ContainerStream: Starting periodic command scheduler: cron.
2026-08-06T07:40:43.3052049+00:00 ContainerStream: Launching oryx with: create-script -appPath /home/site/wwwroot -output /opt/startup/startup.sh -virtualEnvName antenv -defaultApp /opt/defaultsite -userStartupCommand 'gunicorn --bind=0.0.0.0 app:app'
2026-08-06T07:40:43.5494471+00:00 ContainerStream: Could not find build manifest file at '/home/site/wwwroot/oryx-manifest.toml'
2026-08-06T07:40:43.5583754+00:00 ContainerStream: Could not find operation ID in manifest. Generating an operation id...
2026-08-06T07:40:43.5586342+00:00 ContainerStream: Build Operation ID: 3ce5dd44-1332-4afd-b796-30da241ca7ef
2026-08-06T07:40:44.6590525+00:00 ContainerStream: Oryx Version: 0.2.20260710.1, Commit: 079b5b6294eb97d462d8f96bfa3243e9b85251da, ReleaseTagName: 20260710.1
2026-08-06T07:40:44.8155986+00:00 ContainerStream: Writing output script to '/opt/startup/startup.sh'
2026-08-06T07:40:45.0512104+00:00 ContainerStream: WARNING: Could not find virtual environment directory /home/site/wwwroot/antenv.
2026-08-06T07:40:45.0524945+00:00 ContainerStream: WARNING: Could not find package directory /home/site/wwwroot/__oryx_packages__.
2026-08-06T07:40:47.7538869+00:00 ContainerStream: [2026-08-06 07:40:47 +0000] [1871] [INFO] Starting gunicorn 24.1.1
2026-08-06T07:40:47.7732230+00:00 ContainerStream: [2026-08-06 07:40:47 +0000] [1871] [INFO] Listening at: http://0.0.0.0:8000 (1871)
2026-08-06T07:40:47.7738748+00:00 ContainerStream: [2026-08-06 07:40:47 +0000] [1871] [INFO] Using worker: sync
2026-08-06T07:40:47.7935469+00:00 ContainerStream: [2026-08-06 07:40:47 +0000] [1873] [INFO] Booting worker with pid: 1873
2026-08-06T07:40:49.6019852+00:00 ContainerStream: [2026-08-06 07:40:49 +0000] [1873] [ERROR] Exception in worker process
2026-08-06T07:40:49.6020569+00:00 ContainerStream: Traceback (most recent call last):
2026-08-06T07:40:49.6020726+00:00 ContainerStream:   File "/opt/python/3.12.13/lib/python3.12/site-packages/gunicorn/arbiter.py", line 641, in spawn_worker
2026-08-06T07:40:49.6020753+00:00 ContainerStream:     worker.init_process()
2026-08-06T07:40:49.6020794+00:00 ContainerStream:   File "/opt/python/3.12.13/lib/python3.12/site-packages/gunicorn/workers/base.py", line 135, in init_process
2026-08-06T07:40:49.6020821+00:00 ContainerStream:     self.load_wsgi()
2026-08-06T07:40:49.6020851+00:00 ContainerStream:   File "/opt/python/3.12.13/lib/python3.12/site-packages/gunicorn/workers/base.py", line 147, in load_wsgi
2026-08-06T07:40:49.6020877+00:00 ContainerStream:     self.wsgi = self.app.wsgi()
2026-08-06T07:40:49.6020903+00:00 ContainerStream:                 ^^^^^^^^^^^^^^^
2026-08-06T07:40:49.6020955+00:00 ContainerStream:   File "/opt/python/3.12.13/lib/python3.12/site-packages/gunicorn/app/base.py", line 66, in wsgi
2026-08-06T07:40:49.6020980+00:00 ContainerStream:     self.callable = self.load()
2026-08-06T07:40:49.6021004+00:00 ContainerStream:                     ^^^^^^^^^^^
2026-08-06T07:40:49.6021035+00:00 ContainerStream:   File "/opt/python/3.12.13/lib/python3.12/site-packages/gunicorn/app/wsgiapp.py", line 57, in load
2026-08-06T07:40:49.6021060+00:00 ContainerStream:     return self.load_wsgiapp()
2026-08-06T07:40:49.6021086+00:00 ContainerStream:            ^^^^^^^^^^^^^^^^^^^
2026-08-06T07:40:49.6021115+00:00 ContainerStream:   File "/opt/python/3.12.13/lib/python3.12/site-packages/gunicorn/app/wsgiapp.py", line 47, in load_wsgiapp
2026-08-06T07:40:49.6021164+00:00 ContainerStream:     return util.import_app(self.app_uri)
2026-08-06T07:40:49.6021191+00:00 ContainerStream:            ^^^^^^^^^^^^^^^^^^^^^^^^^^^^^
2026-08-06T07:40:49.6021220+00:00 ContainerStream:   File "/opt/python/3.12.13/lib/python3.12/site-packages/gunicorn/util.py", line 366, in import_app
2026-08-06T07:40:49.6021246+00:00 ContainerStream:     mod = importlib.import_module(module)
2026-08-06T07:40:49.6021271+00:00 ContainerStream:           ^^^^^^^^^^^^^^^^^^^^^^^^^^^^^^^
2026-08-06T07:40:49.6085932+00:00 ContainerStream:   File "/opt/python/3.12.13/lib/python3.12/importlib/__init__.py", line 90, in import_module
2026-08-06T07:40:49.6086042+00:00 ContainerStream:     return _bootstrap._gcd_import(name[level:], package, level)
2026-08-06T07:40:49.6086120+00:00 ContainerStream:            ^^^^^^^^^^^^^^^^^^^^^^^^^^^^^^^^^^^^^^^^^^^^^^^^^^^^
2026-08-06T07:40:49.6086150+00:00 ContainerStream:   File "<frozen importlib._bootstrap>", line 1387, in _gcd_import
2026-08-06T07:40:49.6086178+00:00 ContainerStream:   File "<frozen importlib._bootstrap>", line 1360, in _find_and_load
2026-08-06T07:40:49.6086238+00:00 ContainerStream:   File "<frozen importlib._bootstrap>", line 1331, in _find_and_load_unlocked
2026-08-06T07:40:49.6086267+00:00 ContainerStream:   File "<frozen importlib._bootstrap>", line 935, in _load_unlocked
2026-08-06T07:40:49.6086295+00:00 ContainerStream:   File "<frozen importlib._bootstrap_external>", line 999, in exec_module
2026-08-06T07:40:49.6086343+00:00 ContainerStream:   File "<frozen importlib._bootstrap>", line 488, in _call_with_frames_removed
2026-08-06T07:40:49.6086371+00:00 ContainerStream:   File "/home/site/wwwroot/app.py", line 2, in <module>
2026-08-06T07:40:49.6086398+00:00 ContainerStream:     from azure.identity import DefaultAzureCredential
2026-08-06T07:40:49.6086424+00:00 ContainerStream: ModuleNotFoundError: No module named 'azure'
2026-08-06T07:40:49.6100283+00:00 ContainerStream: No module named 'azure'
2026-08-06T07:40:49.6117236+00:00 ContainerStream: [2026-08-06 07:40:49 +0000] [1873] [INFO] Worker exiting (pid: 1873)
2026-08-06T07:40:50.3747872+00:00 ContainerStream: [2026-08-06 07:40:50 +0000] [1871] [ERROR] Worker (pid:1873) exited with code 3.
2026-08-06T07:40:50.3858092+00:00 ContainerStream: [2026-08-06 07:40:50 +0000] [1871] [ERROR] Shutting down: Master
2026-08-06T07:40:50.3943084+00:00 ContainerStream: [2026-08-06 07:40:50 +0000] [1871] [ERROR] Reason: Worker failed to boot.
2026-08-06T07:40:50.7447135+00:00 ContainerStatus: Container has finished running with exit code: 3.
2026-08-06T07:40:50.7530240+00:00 ContainerStatus: Container is terminating. Grace period: 5 seconds.
2026-08-06T07:40:50.7543844+00:00 ContainerStatus: Stop and delete container. Retry count = 0
2026-08-06T07:40:50.7544543+00:00 ContainerStatus: Stopping container: 63ee8bb996e2_webappkrant20260805.
2026-08-06T07:40:50.9020838+00:00 ContainerStatus: Deleting container: 63ee8bb996e2_webappkrant20260805. Retry count = 0
2026-08-06T07:40:51.4770848+00:00 ContainerStatus: Container spec TerminationMessagePolicy  path 
2026-08-06T07:40:51.4841139+00:00 ContainerStatus: Container is terminated. Total time elapsed: 730 ms.
2026-08-06T07:40:51.4842743+00:00 ContainerStatus: Site container: webappkrant20260805 terminated during site startup.
2026-08-06T07:40:51.4850855+00:00 ContainerStatus: State: Stopping, Action: CancellingStartup, LastError: , LastErrorTimestamp: 01/01/0001 00:00:00, LastErrorDetails: , Details: Site container: webappkrant20260805 terminated during site startup. Cancelling site startup., DetailsLevel: ERR
2026-08-06T07:40:51.5313831+00:00 ContainerStatus: Site startup probe failed after 43.9345299 seconds.
2026-08-06T07:40:51.9656842+00:00 ContainerStatus: State: Stopping, Action: CancellingStartup, LastError: ContainerStartupFailure, LastErrorTimestamp: 08/06/2026 07:40:51, LastErrorDetails: Container exited with exit code 3 during startup after 44.6s. Please inspect your container logs for more details., Details: Site container: webappkrant20260805 terminated during site startup. Cancelling site startup., DetailsLevel: ERR
2026-08-06T07:40:51.9761846+00:00 ContainerStatus: Failed to start site. Revert by stopping site.
2026-08-06T07:40:51.9837394+00:00 ContainerStatus: State: Stopping, Action: StoppingSite, LastError: ContainerStartupFailure, LastErrorTimestamp: 08/06/2026 07:40:51, LastErrorDetails: Container exited with exit code 3 during startup after 44.6s. Please inspect your container logs for more details., Details: Site container: webappkrant20260805 terminated during site startup. Cancelling site startup., DetailsLevel: ERR
2026-08-06T07:40:51.9851192+00:00 ContainerStatus: State: Stopping, Action: StoppingSiteContainers, LastError: ContainerStartupFailure, LastErrorTimestamp: 08/06/2026 07:40:51, LastErrorDetails: Container exited with exit code 3 during startup after 44.6s. Please inspect your container logs for more details., Details: Site container: webappkrant20260805 terminated during site startup. Cancelling site startup., DetailsLevel: ERR
2026-08-06T07:40:52.5875037+00:00 ContainerStatus: Site container: webappkrant20260805_managedIdentity terminated during site startup.
2026-08-06T07:40:52.5876341+00:00 ContainerStatus: State: Stopping, Action: StoppingSiteContainers, LastError: ContainerStartupFailure, LastErrorTimestamp: 08/06/2026 07:40:51, LastErrorDetails: Container exited with exit code 3 during startup after 44.6s. Please inspect your container logs for more details., Details: Site container: webappkrant20260805 terminated during site startup. Cancelling site startup., DetailsLevel: ERR
2026-08-06T07:40:52.5877441+00:00 ContainerStatus: Site: webappkrant20260805 stopped.
========== New Cold Start Attempt (2026-08-06T07:40:52.6280462+00:00) ==========
2026-08-06T07:40:52.6280462+00:00 ContainerStatus: State: Stopping, Action: UnmountingVolumes, LastError: ContainerStartupFailure, LastErrorTimestamp: 08/06/2026 07:40:51, LastErrorDetails: Container exited with exit code 3 during startup after 44.6s. Please inspect your container logs for more details., Details: Site container: webappkrant20260805 terminated during site startup. Cancelling site startup., DetailsLevel: ERR
2026-08-06T07:40:53.4912974+00:00 ContainerStatus: State: Stopping, Action: StoppingSiteNetworks, LastError: ContainerStartupFailure, LastErrorTimestamp: 08/06/2026 07:40:51, LastErrorDetails: Container exited with exit code 3 during startup after 44.6s. Please inspect your container logs for more details., Details: Site container: webappkrant20260805 terminated during site startup. Cancelling site startup., DetailsLevel: ERR
2026-08-06T07:40:54.6644394+00:00 ContainerStatus: State: Stopped, Action: None, LastError: ContainerStartupFailure, LastErrorTimestamp: 08/06/2026 07:40:51, LastErrorDetails: Container exited with exit code 3 during startup after 44.6s. Please inspect your container logs for more details., Details: Site stopped at 08/06/2026 07:40:54 (UTC), DetailsLevel: ERR
2026-08-06T07:40:55.4831334+00:00 ContainerStatus: State: Stopped, Action: None, LastError: ContainerStartupFailure, LastErrorTimestamp: 08/06/2026 07:40:51, LastErrorDetails: Container exited with exit code 3 during startup after 44.6s. Please inspect your container logs for more details., Details: Site stopped at 08/06/2026 07:40:54 (UTC), DetailsLevel: ERR
2026-08-06T07:41:15.6673622+00:00 ContainerStatus: State: Stopping, Action: StoppingSiteContainers, LastError: , LastErrorTimestamp: 01/01/0001 00:00:00, LastErrorDetails: , Details: Site started at 08/06/2026 06:18:30 (UTC), DetailsLevel: INFO
2026-08-06T07:41:15.6689722+00:00 ContainerStatus: Container is terminating. Grace period: 5 seconds.
2026-08-06T07:41:15.8058957+00:00 ContainerStatus: Stop and delete container. Retry count = 0
2026-08-06T07:41:15.8091748+00:00 ContainerStatus: Stopping container: 17c0fb48da29_webappkrant20260805.
2026-08-06T07:41:21.1804800+00:00 ContainerStatus: Deleting container: 17c0fb48da29_webappkrant20260805. Retry count = 0
2026-08-06T07:41:22.5805857+00:00 ContainerStatus: Container spec TerminationMessagePolicy  path 
2026-08-06T07:41:22.5807223+00:00 ContainerStatus: Container is terminated. Total time elapsed: 6911 ms.
2026-08-06T07:41:24.9333207+00:00 ContainerStatus: Site: webappkrant20260805 stopped.
2026-08-06T07:42:33.6681048+00:00 ContainerStatus: State: Starting, Action: EstablishingSiteNetworks, LastError: ContainerStartupFailure, LastErrorTimestamp: 08/06/2026 07:40:51, LastErrorDetails: Container exited with exit code 3 during startup after 44.6s. Please inspect your container logs for more details., Details: Site stopped at 08/06/2026 07:40:54 (UTC), DetailsLevel: ERR
2026-08-06T07:42:36.9820421+00:00 ContainerStatus: State: Starting, Action: StartingMsiContainer, LastError: ContainerStartupFailure, LastErrorTimestamp: 08/06/2026 07:40:51, LastErrorDetails: Container exited with exit code 3 during startup after 44.6s. Please inspect your container logs for more details., Details: Site stopped at 08/06/2026 07:40:54 (UTC), DetailsLevel: ERR
2026-08-06T07:42:55.7948720+00:00 ContainerStatus: State: Starting, Action: StartingSiteContainers, LastError: ContainerStartupFailure, LastErrorTimestamp: 08/06/2026 07:40:51, LastErrorDetails: Container exited with exit code 3 during startup after 44.6s. Please inspect your container logs for more details., Details: Site stopped at 08/06/2026 07:40:54 (UTC), DetailsLevel: ERR
2026-08-06T07:42:55.7951870+00:00 ContainerStatus: Container start method called.
2026-08-06T07:42:55.7953122+00:00 ContainerStatus: State: Starting, Action: PullingImage, LastError: ContainerStartupFailure, LastErrorTimestamp: 08/06/2026 07:40:51, LastErrorDetails: Container exited with exit code 3 during startup after 44.6s. Please inspect your container logs for more details., Details: Pulling image 10.1.0.5:13209/appsvc/python:3.12_20260710.8.tuxprod for webappkrant20260805., DetailsLevel: INFO
2026-08-06T07:42:55.7954254+00:00 ContainerStatus: Establishing network.
2026-08-06T07:42:55.7957648+00:00 ContainerStatus: Pulling image: appsvc/python:3.12_20260710.8.tuxprod.
2026-08-06T07:42:56.0829925+00:00 ContainerStatus: Container is starting.
2026-08-06T07:42:56.0830835+00:00 ContainerStatus: State: Starting, Action: MountingVolumes, LastError: ContainerStartupFailure, LastErrorTimestamp: 08/06/2026 07:40:51, LastErrorDetails: Container exited with exit code 3 during startup after 44.6s. Please inspect your container logs for more details., Details: Mounting volumes for webappkrant20260805., DetailsLevel: INFO
2026-08-06T07:42:56.0831473+00:00 ContainerStatus: Establishing user namespace if not established already.
2026-08-06T07:42:56.0832051+00:00 ContainerStatus: Establishing network if not established already.
2026-08-06T07:42:56.0832768+00:00 ContainerStatus: Mounting volumes.
2026-08-06T07:42:56.0833735+00:00 ContainerStatus: Nested mountpoint 
2026-08-06T07:42:56.1215671+00:00 ContainerStatus: Nested mountpoint volatile/logs
2026-08-06T07:42:56.2267561+00:00 ContainerStatus: Nested mountpoint 
2026-08-06T07:42:56.2273726+00:00 ContainerStatus: Nested mountpoint 
2026-08-06T07:42:56.3451844+00:00 ContainerStatus: Nested mountpoint 
2026-08-06T07:42:56.3635792+00:00 ContainerStatus: Nested mountpoint 
2026-08-06T07:42:56.7913087+00:00 ContainerStatus: State: Starting, Action: CreatingContainer, LastError: ContainerStartupFailure, LastErrorTimestamp: 08/06/2026 07:40:51, LastErrorDetails: Container exited with exit code 3 during startup after 44.6s. Please inspect your container logs for more details., Details: Finished pulling container image and mounting volumes for webappkrant20260805. Allocatinng the rest of the container resources to finish container creation., DetailsLevel: INFO
2026-08-06T07:42:56.8273317+00:00 ContainerStatus: Creating container.
2026-08-06T07:42:56.8280242+00:00 ContainerStatus: Creating pipes for streaming container io.
2026-08-06T07:42:56.8496441+00:00 ContainerStatus: Creating stdout named pipe at /podr/container/pipe/13fde793dee5_webappkrant20260805/stdout_302e130908e5459aa17903f1b7a0bbf4.
2026-08-06T07:42:56.8670739+00:00 ContainerStatus: Successfully created stdout named pipe at: /podr/container/pipe/13fde793dee5_webappkrant20260805/stdout_302e130908e5459aa17903f1b7a0bbf4.
2026-08-06T07:42:56.8672052+00:00 ContainerStatus: Opening named pipe /podr/container/pipe/13fde793dee5_webappkrant20260805/stdout_302e130908e5459aa17903f1b7a0bbf4 for reading in non-blocking mode.
2026-08-06T07:42:56.8673075+00:00 ContainerStatus: Successfully opened named pipe: /podr/container/pipe/13fde793dee5_webappkrant20260805/stdout_302e130908e5459aa17903f1b7a0bbf4.
2026-08-06T07:42:56.8674086+00:00 ContainerStatus: Successfully removed non-blocking flag from /podr/container/pipe/13fde793dee5_webappkrant20260805/stdout_302e130908e5459aa17903f1b7a0bbf4.
2026-08-06T07:42:56.8675179+00:00 ContainerStatus: Creating stderr named pipe at /podr/container/pipe/13fde793dee5_webappkrant20260805/stderr_63b42b14e5c6459cbbaea56dcef9291c.
2026-08-06T07:42:56.8676389+00:00 ContainerStatus: Successfully created stderr named pipe at: /podr/container/pipe/13fde793dee5_webappkrant20260805/stderr_63b42b14e5c6459cbbaea56dcef9291c.
2026-08-06T07:42:56.8677000+00:00 ContainerStatus: Opening named pipe /podr/container/pipe/13fde793dee5_webappkrant20260805/stderr_63b42b14e5c6459cbbaea56dcef9291c for reading in non-blocking mode.
2026-08-06T07:42:56.8677713+00:00 ContainerStatus: Successfully opened named pipe: /podr/container/pipe/13fde793dee5_webappkrant20260805/stderr_63b42b14e5c6459cbbaea56dcef9291c.
2026-08-06T07:42:56.8678264+00:00 ContainerStatus: Successfully removed non-blocking flag from /podr/container/pipe/13fde793dee5_webappkrant20260805/stderr_63b42b14e5c6459cbbaea56dcef9291c.
2026-08-06T07:42:56.8679216+00:00 ContainerStatus: Creating container with image: appsvc/python:3.12_20260710.8.tuxprod from registry: 10.1.0.5:13209 and fully qualified image name: 10.1.0.5:13209/appsvc/python:3.12_20260710.8.tuxprod
2026-08-06T07:42:57.8489052+00:00 ContainerStatus: Starting container: 13fde793dee5_webappkrant20260805.
2026-08-06T07:42:57.9540853+00:00 ContainerStatus: Starting watchers and probes.
2026-08-06T07:42:57.9630299+00:00 ContainerStatus: Starting metrics collection.
2026-08-06T07:42:57.9632433+00:00 ContainerStatus: Container is running.
2026-08-06T07:42:57.9633834+00:00 ContainerStatus: State: Starting, Action: CreatingContainer, LastError: ContainerStartupFailure, LastErrorTimestamp: 08/06/2026 07:40:51, LastErrorDetails: Container exited with exit code 3 during startup after 44.6s. Please inspect your container logs for more details., Details: Container webappkrant20260805 successfully created and is running., DetailsLevel: INFO
2026-08-06T07:42:58.2200610+00:00 ContainerStatus: Container start method finished after 2424 ms.
2026-08-06T07:42:58.2652459+00:00 ContainerStatus: State: Starting, Action: InitiatingSiteWarmUpProbe, LastError: ContainerStartupFailure, LastErrorTimestamp: 08/06/2026 07:40:51, LastErrorDetails: Container exited with exit code 3 during startup after 44.6s. Please inspect your container logs for more details., Details: Container webappkrant20260805 successfully created and is running., DetailsLevel: INFO
2026-08-06T07:42:58.2656639+00:00 ContainerStatus: State: Starting, Action: WaitingForSiteWarmUpProbeSuccess, LastError: ContainerStartupFailure, LastErrorTimestamp: 08/06/2026 07:40:51, LastErrorDetails: Container exited with exit code 3 during startup after 44.6s. Please inspect your container logs for more details., Details: Pinging warmup path to ensure container is ready to receive requests., DetailsLevel: INFO
2026-08-06T07:42:58.8618289+00:00 ContainerStream:    _____                               
2026-08-06T07:42:58.8618907+00:00 ContainerStream:   /  _  \ __________ _________   ____  
2026-08-06T07:42:58.8618940+00:00 ContainerStream:  /  /_\  \\___   /  |  \_  __ \_/ __ \ 
2026-08-06T07:42:58.8618961+00:00 ContainerStream: /    |    \/    /|  |  /|  | \/\  ___/ 
2026-08-06T07:42:58.8618982+00:00 ContainerStream: \____|__  /_____ \____/ |__|    \___  >
2026-08-06T07:42:58.8619178+00:00 ContainerStream:         \/      \/                  \/ 
2026-08-06T07:42:58.8619200+00:00 ContainerStream: A P P   S E R V I C E   O N   L I N U X
2026-08-06T07:42:58.8619222+00:00 ContainerStream: 
2026-08-06T07:42:58.8619359+00:00 ContainerStream: Documentation     : https://aka.ms/webapp-linux
2026-08-06T07:42:58.8619388+00:00 ContainerStream: Python quickstart : https://aka.ms/python-qs
2026-08-06T07:42:58.8619410+00:00 ContainerStream: Python version    : 3.12.13
2026-08-06T07:42:58.8619432+00:00 ContainerStream: Instance name     : lw0sdlwk0000BZ
2026-08-06T07:42:58.8619459+00:00 ContainerStream: Instance id       : 2ddc320b3ce56068eef7d30467cf47281e2049dbabf0cdd575a97ac496677136
2026-08-06T07:42:58.8619478+00:00 ContainerStream: 
2026-08-06T07:42:58.8619500+00:00 ContainerStream: App port          : 8000
2026-08-06T07:42:58.8619521+00:00 ContainerStream: Port selected by  : Default for this image
2026-08-06T07:42:58.8619544+00:00 ContainerStream: (Learn more about the PORT appsetting https://aka.ms/webapp-python-settings)
2026-08-06T07:42:58.8619565+00:00 ContainerStream: 
2026-08-06T07:42:58.8619586+00:00 ContainerStream: Note: Any data outside '/home' is not persisted
2026-08-06T07:42:58.8619604+00:00 ContainerStream: 
2026-08-06T07:42:58.8619647+00:00 ContainerStream: ────────────────────────────────────────────────────────────────
2026-08-06T07:42:58.8619698+00:00 ContainerStream:  Run 'apphelp' for available commands and aliases.
2026-08-06T07:42:58.8619720+00:00 ContainerStream:  Run 'install-nettools' to install networking utilities.
2026-08-06T07:42:58.8619754+00:00 ContainerStream: ────────────────────────────────────────────────────────────────
2026-08-06T07:43:00.5399716+00:00 ContainerStream: Starting OpenBSD Secure Shell server: sshd.
2026-08-06T07:43:00.5628070+00:00 ContainerStream: WEBSITES_INCLUDE_CLOUD_CERTS is not set to true.
2026-08-06T07:43:00.6682195+00:00 ContainerStream: Updating certificates in /etc/ssl/certs...
2026-08-06T07:43:28.2584971+00:00 ContainerStream: rehash: warning: skipping ca-certificates.crt,it does not contain exactly one certificate or CRL
2026-08-06T07:43:28.4596636+00:00 ContainerStream: rehash: warning: skipping duplicate certificate in azl_SSL.com_TLS_RSA_Root_CA_2022.pem
2026-08-06T07:43:28.4899084+00:00 ContainerStream: rehash: warning: skipping duplicate certificate in azl_SSL.com_TLS_ECC_Root_CA_2022.pem
2026-08-06T07:43:28.5276871+00:00 ContainerStream: 4 added, 0 removed; done.
2026-08-06T07:43:28.5289150+00:00 ContainerStream: Running hooks in /etc/ca-certificates/update.d...
2026-08-06T07:43:28.5451605+00:00 ContainerStream: done.
2026-08-06T07:43:28.5842598+00:00 ContainerStream: CA certificates copied and updated successfully.
2026-08-06T07:43:28.7016401+00:00 ContainerStream: Site's appCommandLine: gunicorn --bind=0.0.0.0 app:app
2026-08-06T07:43:29.1539655+00:00 ContainerStream: Starting periodic command scheduler: cron.
2026-08-06T07:43:29.1646655+00:00 ContainerStream: Launching oryx with: create-script -appPath /home/site/wwwroot -output /opt/startup/startup.sh -virtualEnvName antenv -defaultApp /opt/defaultsite -userStartupCommand 'gunicorn --bind=0.0.0.0 app:app'
2026-08-06T07:43:29.4604713+00:00 ContainerStream: Could not find build manifest file at '/home/site/wwwroot/oryx-manifest.toml'
2026-08-06T07:43:29.4619912+00:00 ContainerStream: Could not find operation ID in manifest. Generating an operation id...
2026-08-06T07:43:29.4711908+00:00 ContainerStream: Build Operation ID: 7c2ebf66-0cc5-44fe-983c-fcd634aab41b
2026-08-06T07:43:30.6387545+00:00 ContainerStream: Oryx Version: 0.2.20260710.1, Commit: 079b5b6294eb97d462d8f96bfa3243e9b85251da, ReleaseTagName: 20260710.1
2026-08-06T07:43:30.8076886+00:00 ContainerStream: Writing output script to '/opt/startup/startup.sh'
2026-08-06T07:43:31.0300808+00:00 ContainerStream: WARNING: Could not find virtual environment directory /home/site/wwwroot/antenv.
2026-08-06T07:43:31.0301265+00:00 ContainerStream: WARNING: Could not find package directory /home/site/wwwroot/__oryx_packages__.
2026-08-06T07:43:32.8382375+00:00 ContainerStream: [2026-08-06 07:43:32 +0000] [1871] [INFO] Starting gunicorn 24.1.1
2026-08-06T07:43:32.8478139+00:00 ContainerStream: [2026-08-06 07:43:32 +0000] [1871] [INFO] Listening at: http://0.0.0.0:8000 (1871)
2026-08-06T07:43:32.8494855+00:00 ContainerStream: [2026-08-06 07:43:32 +0000] [1871] [INFO] Using worker: sync
2026-08-06T07:43:32.8789444+00:00 ContainerStream: [2026-08-06 07:43:32 +0000] [1872] [INFO] Booting worker with pid: 1872
2026-08-06T07:43:34.3830141+00:00 ContainerStream: [2026-08-06 07:43:34 +0000] [1872] [ERROR] Exception in worker process
2026-08-06T07:43:34.3830687+00:00 ContainerStream: Traceback (most recent call last):
2026-08-06T07:43:34.3830725+00:00 ContainerStream:   File "/opt/python/3.12.13/lib/python3.12/site-packages/gunicorn/arbiter.py", line 641, in spawn_worker
2026-08-06T07:43:34.3830746+00:00 ContainerStream:     worker.init_process()
2026-08-06T07:43:34.3830774+00:00 ContainerStream:   File "/opt/python/3.12.13/lib/python3.12/site-packages/gunicorn/workers/base.py", line 135, in init_process
2026-08-06T07:43:34.3830795+00:00 ContainerStream:     self.load_wsgi()
2026-08-06T07:43:34.3830820+00:00 ContainerStream:   File "/opt/python/3.12.13/lib/python3.12/site-packages/gunicorn/workers/base.py", line 147, in load_wsgi
2026-08-06T07:43:34.3830841+00:00 ContainerStream:     self.wsgi = self.app.wsgi()
2026-08-06T07:43:34.3830861+00:00 ContainerStream:                 ^^^^^^^^^^^^^^^
2026-08-06T07:43:34.3830886+00:00 ContainerStream:   File "/opt/python/3.12.13/lib/python3.12/site-packages/gunicorn/app/base.py", line 66, in wsgi
2026-08-06T07:43:34.3830906+00:00 ContainerStream:     self.callable = self.load()
2026-08-06T07:43:34.3830925+00:00 ContainerStream:                     ^^^^^^^^^^^
2026-08-06T07:43:34.3830951+00:00 ContainerStream:   File "/opt/python/3.12.13/lib/python3.12/site-packages/gunicorn/app/wsgiapp.py", line 57, in load
2026-08-06T07:43:34.3830972+00:00 ContainerStream:     return self.load_wsgiapp()
2026-08-06T07:43:34.3831017+00:00 ContainerStream:            ^^^^^^^^^^^^^^^^^^^
2026-08-06T07:43:34.3831044+00:00 ContainerStream:   File "/opt/python/3.12.13/lib/python3.12/site-packages/gunicorn/app/wsgiapp.py", line 47, in load_wsgiapp
2026-08-06T07:43:34.3831065+00:00 ContainerStream:     return util.import_app(self.app_uri)
2026-08-06T07:43:34.3831088+00:00 ContainerStream:            ^^^^^^^^^^^^^^^^^^^^^^^^^^^^^
2026-08-06T07:43:34.3831113+00:00 ContainerStream:   File "/opt/python/3.12.13/lib/python3.12/site-packages/gunicorn/util.py", line 366, in import_app
2026-08-06T07:43:34.3831134+00:00 ContainerStream:     mod = importlib.import_module(module)
2026-08-06T07:43:34.3831155+00:00 ContainerStream:           ^^^^^^^^^^^^^^^^^^^^^^^^^^^^^^^
2026-08-06T07:43:34.3831181+00:00 ContainerStream:   File "/opt/python/3.12.13/lib/python3.12/importlib/__init__.py", line 90, in import_module
2026-08-06T07:43:34.3831203+00:00 ContainerStream:     return _bootstrap._gcd_import(name[level:], package, level)
2026-08-06T07:43:34.3831225+00:00 ContainerStream:            ^^^^^^^^^^^^^^^^^^^^^^^^^^^^^^^^^^^^^^^^^^^^^^^^^^^^
2026-08-06T07:43:34.3831248+00:00 ContainerStream:   File "<frozen importlib._bootstrap>", line 1387, in _gcd_import
2026-08-06T07:43:34.3831271+00:00 ContainerStream:   File "<frozen importlib._bootstrap>", line 1360, in _find_and_load
2026-08-06T07:43:34.3831296+00:00 ContainerStream:   File "<frozen importlib._bootstrap>", line 1331, in _find_and_load_unlocked
2026-08-06T07:43:34.3831350+00:00 ContainerStream:   File "<frozen importlib._bootstrap>", line 935, in _load_unlocked
2026-08-06T07:43:34.3831374+00:00 ContainerStream:   File "<frozen importlib._bootstrap_external>", line 999, in exec_module
2026-08-06T07:43:34.3831399+00:00 ContainerStream:   File "<frozen importlib._bootstrap>", line 488, in _call_with_frames_removed
2026-08-06T07:43:34.3831421+00:00 ContainerStream:   File "/home/site/wwwroot/app.py", line 2, in <module>
2026-08-06T07:43:34.3831444+00:00 ContainerStream:     from azure.identity import DefaultAzureCredential
2026-08-06T07:43:34.3831465+00:00 ContainerStream: ModuleNotFoundError: No module named 'azure'
2026-08-06T07:43:34.3853236+00:00 ContainerStream: No module named 'azure'
2026-08-06T07:43:34.3953298+00:00 ContainerStream: [2026-08-06 07:43:34 +0000] [1872] [INFO] Worker exiting (pid: 1872)
2026-08-06T07:43:34.8491735+00:00 ContainerStream: [2026-08-06 07:43:34 +0000] [1871] [ERROR] Worker (pid:1872) exited with code 3.
2026-08-06T07:43:34.8666370+00:00 ContainerStream: [2026-08-06 07:43:34 +0000] [1871] [ERROR] Shutting down: Master
2026-08-06T07:43:34.8666562+00:00 ContainerStream: [2026-08-06 07:43:34 +0000] [1871] [ERROR] Reason: Worker failed to boot.
2026-08-06T07:43:35.3825939+00:00 ContainerStatus: Container has finished running with exit code: 3.
2026-08-06T07:43:35.4099544+00:00 ContainerStatus: Container is terminating. Grace period: 5 seconds.
2026-08-06T07:43:35.4116337+00:00 ContainerStatus: Stop and delete container. Retry count = 0
2026-08-06T07:43:35.4117178+00:00 ContainerStatus: Stopping container: 13fde793dee5_webappkrant20260805.
2026-08-06T07:43:35.5874279+00:00 ContainerStatus: Deleting container: 13fde793dee5_webappkrant20260805. Retry count = 0
2026-08-06T07:43:35.9666461+00:00 ContainerStatus: Container spec TerminationMessagePolicy  path 
2026-08-06T07:43:35.9675802+00:00 ContainerStatus: Container is terminated. Total time elapsed: 556 ms.
2026-08-06T07:43:35.9684556+00:00 ContainerStatus: Site container: webappkrant20260805 terminated during site startup.
2026-08-06T07:43:35.9997751+00:00 ContainerStatus: State: Stopping, Action: CancellingStartup, LastError: ContainerStartupFailure, LastErrorTimestamp: 08/06/2026 07:40:51, LastErrorDetails: Container exited with exit code 3 during startup after 44.6s. Please inspect your container logs for more details., Details: Site container: webappkrant20260805 terminated during site startup. Cancelling site startup., DetailsLevel: ERR
2026-08-06T07:43:36.0089393+00:00 ContainerStatus: Site startup probe failed after 37.7034896 seconds.
2026-08-06T07:43:36.3036950+00:00 ContainerStatus: State: Stopping, Action: CancellingStartup, LastError: ContainerStartupFailure, LastErrorTimestamp: 08/06/2026 07:43:36, LastErrorDetails: Container exited with exit code 3 during startup after 38.0s. Please inspect your container logs for more details., Details: Site container: webappkrant20260805 terminated during site startup. Cancelling site startup., DetailsLevel: ERR
2026-08-06T07:43:36.3331044+00:00 ContainerStatus: Failed to start site. Revert by stopping site.
2026-08-06T07:43:36.3399600+00:00 ContainerStatus: State: Stopping, Action: StoppingSite, LastError: ContainerStartupFailure, LastErrorTimestamp: 08/06/2026 07:43:36, LastErrorDetails: Container exited with exit code 3 during startup after 38.0s. Please inspect your container logs for more details., Details: Site container: webappkrant20260805 terminated during site startup. Cancelling site startup., DetailsLevel: ERR
2026-08-06T07:43:36.3417982+00:00 ContainerStatus: State: Stopping, Action: StoppingSiteContainers, LastError: ContainerStartupFailure, LastErrorTimestamp: 08/06/2026 07:43:36, LastErrorDetails: Container exited with exit code 3 during startup after 38.0s. Please inspect your container logs for more details., Details: Site container: webappkrant20260805 terminated during site startup. Cancelling site startup., DetailsLevel: ERR
2026-08-06T07:43:36.7724919+00:00 ContainerStatus: Site container: webappkrant20260805_managedIdentity terminated during site startup.
2026-08-06T07:43:36.7737120+00:00 ContainerStatus: State: Stopping, Action: StoppingSiteContainers, LastError: ContainerStartupFailure, LastErrorTimestamp: 08/06/2026 07:43:36, LastErrorDetails: Container exited with exit code 3 during startup after 38.0s. Please inspect your container logs for more details., Details: Site container: webappkrant20260805 terminated during site startup. Cancelling site startup., DetailsLevel: ERR
2026-08-06T07:43:36.7815016+00:00 ContainerStatus: Site: webappkrant20260805 stopped.
========== New Cold Start Attempt (2026-08-06T07:43:36.7890830+00:00) ==========
2026-08-06T07:43:36.7890830+00:00 ContainerStatus: State: Stopping, Action: UnmountingVolumes, LastError: ContainerStartupFailure, LastErrorTimestamp: 08/06/2026 07:43:36, LastErrorDetails: Container exited with exit code 3 during startup after 38.0s. Please inspect your container logs for more details., Details: Site container: webappkrant20260805 terminated during site startup. Cancelling site startup., DetailsLevel: ERR
2026-08-06T07:43:37.5273101+00:00 ContainerStatus: State: Stopping, Action: StoppingSiteNetworks, LastError: ContainerStartupFailure, LastErrorTimestamp: 08/06/2026 07:43:36, LastErrorDetails: Container exited with exit code 3 during startup after 38.0s. Please inspect your container logs for more details., Details: Site container: webappkrant20260805 terminated during site startup. Cancelling site startup., DetailsLevel: ERR
2026-08-06T07:43:37.9350497+00:00 ContainerStatus: Site: webappkrant20260805 will be blocked for 1 minutes till 08/06/2026 07:44:37
2026-08-06T07:43:37.9416096+00:00 ContainerStatus: State: Blocked, Action: StoppingSiteNetworks, LastError: ContainerStartupFailure, LastErrorTimestamp: 08/06/2026 07:43:36, LastErrorDetails: Container exited with exit code 3 during startup after 38.0s. Please inspect your container logs for more details., Details: Site: webappkrant20260805 will be blocked for 1 minutes till 08/06/2026 07:44:37, DetailsLevel: WARN
2026-08-06T07:43:38.0618049+00:00 ContainerStatus: State: Stopped, Action: None, LastError: ContainerStartupFailure, LastErrorTimestamp: 08/06/2026 07:43:36, LastErrorDetails: Container exited with exit code 3 during startup after 38.0s. Please inspect your container logs for more details., Details: Site stopped at 08/06/2026 07:43:38 (UTC), DetailsLevel: WARN
2026-08-06T07:43:38.8796766+00:00 ContainerStatus: State: Stopped, Action: None, LastError: ContainerStartupFailure, LastErrorTimestamp: 08/06/2026 07:43:36, LastErrorDetails: Container exited with exit code 3 during startup after 38.0s. Please inspect your container logs for more details., Details: Site stopped at 08/06/2026 07:43:38 (UTC), DetailsLevel: WARN
2026-08-06T07:44:37.9400127+00:00 ContainerStatus: Site: webappkrant20260805 is unblocked.
2026-08-06T07:46:39.7655469+00:00 ContainerStatus: State: Starting, Action: EstablishingSiteNetworks, LastError: ContainerStartupFailure, LastErrorTimestamp: 08/06/2026 07:43:36, LastErrorDetails: Container exited with exit code 3 during startup after 38.0s. Please inspect your container logs for more details., Details: Site stopped at 08/06/2026 07:43:38 (UTC), DetailsLevel: WARN
2026-08-06T07:46:42.9518763+00:00 ContainerStatus: State: Starting, Action: StartingMsiContainer, LastError: ContainerStartupFailure, LastErrorTimestamp: 08/06/2026 07:43:36, LastErrorDetails: Container exited with exit code 3 during startup after 38.0s. Please inspect your container logs for more details., Details: Site stopped at 08/06/2026 07:43:38 (UTC), DetailsLevel: WARN
2026-08-06T07:47:00.0893332+00:00 ContainerStatus: State: Starting, Action: StartingSiteContainers, LastError: ContainerStartupFailure, LastErrorTimestamp: 08/06/2026 07:43:36, LastErrorDetails: Container exited with exit code 3 during startup after 38.0s. Please inspect your container logs for more details., Details: Site stopped at 08/06/2026 07:43:38 (UTC), DetailsLevel: WARN
2026-08-06T07:47:00.0894258+00:00 ContainerStatus: Container start method called.
2026-08-06T07:47:00.0894752+00:00 ContainerStatus: State: Starting, Action: PullingImage, LastError: ContainerStartupFailure, LastErrorTimestamp: 08/06/2026 07:43:36, LastErrorDetails: Container exited with exit code 3 during startup after 38.0s. Please inspect your container logs for more details., Details: Pulling image 10.1.0.5:13209/appsvc/python:3.12_20260710.8.tuxprod for webappkrant20260805., DetailsLevel: INFO
2026-08-06T07:47:00.0895415+00:00 ContainerStatus: Establishing network.
2026-08-06T07:47:00.0896255+00:00 ContainerStatus: Pulling image: appsvc/python:3.12_20260710.8.tuxprod.
2026-08-06T07:47:00.3851913+00:00 ContainerStatus: Container is starting.
2026-08-06T07:47:00.3852799+00:00 ContainerStatus: State: Starting, Action: MountingVolumes, LastError: ContainerStartupFailure, LastErrorTimestamp: 08/06/2026 07:43:36, LastErrorDetails: Container exited with exit code 3 during startup after 38.0s. Please inspect your container logs for more details., Details: Mounting volumes for webappkrant20260805., DetailsLevel: INFO
2026-08-06T07:47:00.3853449+00:00 ContainerStatus: Establishing user namespace if not established already.
2026-08-06T07:47:00.3854030+00:00 ContainerStatus: Establishing network if not established already.
2026-08-06T07:47:00.3854726+00:00 ContainerStatus: Mounting volumes.
2026-08-06T07:47:00.3855787+00:00 ContainerStatus: Nested mountpoint 
2026-08-06T07:47:00.4430914+00:00 ContainerStatus: Nested mountpoint volatile/logs
2026-08-06T07:47:00.4832677+00:00 ContainerStatus: Nested mountpoint 
2026-08-06T07:47:00.4845378+00:00 ContainerStatus: Nested mountpoint 
2026-08-06T07:47:00.5632977+00:00 ContainerStatus: Nested mountpoint 
2026-08-06T07:47:00.6388282+00:00 ContainerStatus: Nested mountpoint 
2026-08-06T07:47:01.6104784+00:00 ContainerStatus: State: Starting, Action: CreatingContainer, LastError: ContainerStartupFailure, LastErrorTimestamp: 08/06/2026 07:43:36, LastErrorDetails: Container exited with exit code 3 during startup after 38.0s. Please inspect your container logs for more details., Details: Finished pulling container image and mounting volumes for webappkrant20260805. Allocatinng the rest of the container resources to finish container creation., DetailsLevel: INFO
2026-08-06T07:47:01.6105632+00:00 ContainerStatus: Creating container.
2026-08-06T07:47:01.6106276+00:00 ContainerStatus: Creating pipes for streaming container io.
2026-08-06T07:47:01.6106847+00:00 ContainerStatus: Creating stdout named pipe at /podr/container/pipe/5d0de15dac99_webappkrant20260805/stdout_576f5de8684a498c9e82bdd9f4c06bd1.
2026-08-06T07:47:01.6108689+00:00 ContainerStatus: Successfully created stdout named pipe at: /podr/container/pipe/5d0de15dac99_webappkrant20260805/stdout_576f5de8684a498c9e82bdd9f4c06bd1.
2026-08-06T07:47:01.6109261+00:00 ContainerStatus: Opening named pipe /podr/container/pipe/5d0de15dac99_webappkrant20260805/stdout_576f5de8684a498c9e82bdd9f4c06bd1 for reading in non-blocking mode.
2026-08-06T07:47:01.6110017+00:00 ContainerStatus: Successfully opened named pipe: /podr/container/pipe/5d0de15dac99_webappkrant20260805/stdout_576f5de8684a498c9e82bdd9f4c06bd1.
2026-08-06T07:47:01.6110605+00:00 ContainerStatus: Successfully removed non-blocking flag from /podr/container/pipe/5d0de15dac99_webappkrant20260805/stdout_576f5de8684a498c9e82bdd9f4c06bd1.
2026-08-06T07:47:01.6224860+00:00 ContainerStatus: Creating stderr named pipe at /podr/container/pipe/5d0de15dac99_webappkrant20260805/stderr_23953bb640e540c6b9d6717cfd2803b4.
2026-08-06T07:47:01.6406448+00:00 ContainerStatus: Successfully created stderr named pipe at: /podr/container/pipe/5d0de15dac99_webappkrant20260805/stderr_23953bb640e540c6b9d6717cfd2803b4.
2026-08-06T07:47:01.6424629+00:00 ContainerStatus: Opening named pipe /podr/container/pipe/5d0de15dac99_webappkrant20260805/stderr_23953bb640e540c6b9d6717cfd2803b4 for reading in non-blocking mode.
2026-08-06T07:47:01.6625456+00:00 ContainerStatus: Successfully opened named pipe: /podr/container/pipe/5d0de15dac99_webappkrant20260805/stderr_23953bb640e540c6b9d6717cfd2803b4.
2026-08-06T07:47:01.6627359+00:00 ContainerStatus: Successfully removed non-blocking flag from /podr/container/pipe/5d0de15dac99_webappkrant20260805/stderr_23953bb640e540c6b9d6717cfd2803b4.
2026-08-06T07:47:01.6630498+00:00 ContainerStatus: Creating container with image: appsvc/python:3.12_20260710.8.tuxprod from registry: 10.1.0.5:13209 and fully qualified image name: 10.1.0.5:13209/appsvc/python:3.12_20260710.8.tuxprod
2026-08-06T07:47:03.0160567+00:00 ContainerStatus: Starting container: 5d0de15dac99_webappkrant20260805.
2026-08-06T07:47:03.2745422+00:00 ContainerStatus: Starting watchers and probes.
2026-08-06T07:47:03.2828674+00:00 ContainerStatus: Starting metrics collection.
2026-08-06T07:47:03.3119522+00:00 ContainerStatus: Container is running.
2026-08-06T07:47:03.3120663+00:00 ContainerStatus: State: Starting, Action: CreatingContainer, LastError: ContainerStartupFailure, LastErrorTimestamp: 08/06/2026 07:43:36, LastErrorDetails: Container exited with exit code 3 during startup after 38.0s. Please inspect your container logs for more details., Details: Container webappkrant20260805 successfully created and is running., DetailsLevel: INFO
2026-08-06T07:47:03.7085520+00:00 ContainerStatus: Container start method finished after 3619 ms.
2026-08-06T07:47:03.7086933+00:00 ContainerStatus: State: Starting, Action: InitiatingSiteWarmUpProbe, LastError: ContainerStartupFailure, LastErrorTimestamp: 08/06/2026 07:43:36, LastErrorDetails: Container exited with exit code 3 during startup after 38.0s. Please inspect your container logs for more details., Details: Container webappkrant20260805 successfully created and is running., DetailsLevel: INFO
2026-08-06T07:47:03.7087210+00:00 ContainerStatus: State: Starting, Action: WaitingForSiteWarmUpProbeSuccess, LastError: ContainerStartupFailure, LastErrorTimestamp: 08/06/2026 07:43:36, LastErrorDetails: Container exited with exit code 3 during startup after 38.0s. Please inspect your container logs for more details., Details: Pinging warmup path to ensure container is ready to receive requests., DetailsLevel: INFO
2026-08-06T07:47:04.1333831+00:00 ContainerStream:    _____                               
2026-08-06T07:47:04.1334531+00:00 ContainerStream:   /  _  \ __________ _________   ____  
2026-08-06T07:47:04.1334565+00:00 ContainerStream:  /  /_\  \\___   /  |  \_  __ \_/ __ \ 
2026-08-06T07:47:04.1334587+00:00 ContainerStream: /    |    \/    /|  |  /|  | \/\  ___/ 
2026-08-06T07:47:04.1334608+00:00 ContainerStream: \____|__  /_____ \____/ |__|    \___  >
2026-08-06T07:47:04.1334629+00:00 ContainerStream:         \/      \/                  \/ 
2026-08-06T07:47:04.1334650+00:00 ContainerStream: A P P   S E R V I C E   O N   L I N U X
2026-08-06T07:47:04.1334669+00:00 ContainerStream: 
2026-08-06T07:47:04.1334692+00:00 ContainerStream: Documentation     : https://aka.ms/webapp-linux
2026-08-06T07:47:04.1334714+00:00 ContainerStream: Python quickstart : https://aka.ms/python-qs
2026-08-06T07:47:04.1334734+00:00 ContainerStream: Python version    : 3.12.13
2026-08-06T07:47:04.1334755+00:00 ContainerStream: Instance name     : lw0sdlwk0000BZ
2026-08-06T07:47:04.1334780+00:00 ContainerStream: Instance id       : 2ddc320b3ce56068eef7d30467cf47281e2049dbabf0cdd575a97ac496677136
2026-08-06T07:47:04.1334799+00:00 ContainerStream: 
2026-08-06T07:47:04.1334819+00:00 ContainerStream: App port          : 8000
2026-08-06T07:47:04.1334875+00:00 ContainerStream: Port selected by  : Default for this image
2026-08-06T07:47:04.1334900+00:00 ContainerStream: (Learn more about the PORT appsetting https://aka.ms/webapp-python-settings)
2026-08-06T07:47:04.1334917+00:00 ContainerStream: 
2026-08-06T07:47:04.1334939+00:00 ContainerStream: Note: Any data outside '/home' is not persisted
2026-08-06T07:47:04.1334956+00:00 ContainerStream: 
2026-08-06T07:47:04.1335000+00:00 ContainerStream: ────────────────────────────────────────────────────────────────
2026-08-06T07:47:04.1335022+00:00 ContainerStream:  Run 'apphelp' for available commands and aliases.
2026-08-06T07:47:04.1335044+00:00 ContainerStream:  Run 'install-nettools' to install networking utilities.
2026-08-06T07:47:04.1335077+00:00 ContainerStream: ────────────────────────────────────────────────────────────────
2026-08-06T07:47:07.3295356+00:00 ContainerStream: Starting OpenBSD Secure Shell server: sshd.
2026-08-06T07:47:07.3521575+00:00 ContainerStream: WEBSITES_INCLUDE_CLOUD_CERTS is not set to true.
2026-08-06T07:47:07.4203357+00:00 ContainerStream: Updating certificates in /etc/ssl/certs...
2026-08-06T07:47:47.8619047+00:00 ContainerStream: rehash: warning: skipping ca-certificates.crt,it does not contain exactly one certificate or CRL
2026-08-06T07:47:48.0099319+00:00 ContainerStream: rehash: warning: skipping duplicate certificate in azl_SSL.com_TLS_RSA_Root_CA_2022.pem
2026-08-06T07:47:48.0500360+00:00 ContainerStream: rehash: warning: skipping duplicate certificate in azl_SSL.com_TLS_ECC_Root_CA_2022.pem
2026-08-06T07:47:48.1644977+00:00 ContainerStream: 4 added, 0 removed; done.
2026-08-06T07:47:48.1748840+00:00 ContainerStream: Running hooks in /etc/ca-certificates/update.d...
2026-08-06T07:47:48.1848309+00:00 ContainerStream: done.
2026-08-06T07:47:48.2372388+00:00 ContainerStream: CA certificates copied and updated successfully.
2026-08-06T07:47:48.6074234+00:00 ContainerStream: Site's appCommandLine: gunicorn --bind=0.0.0.0 app:app
2026-08-06T07:47:49.9275638+00:00 ContainerStream: Starting periodic command scheduler: cron.
2026-08-06T07:47:49.9605903+00:00 ContainerStream: Launching oryx with: create-script -appPath /home/site/wwwroot -output /opt/startup/startup.sh -virtualEnvName antenv -defaultApp /opt/defaultsite -userStartupCommand 'gunicorn --bind=0.0.0.0 app:app'
2026-08-06T07:47:50.7999172+00:00 ContainerStream: Could not find build manifest file at '/home/site/wwwroot/oryx-manifest.toml'
2026-08-06T07:47:50.8110809+00:00 ContainerStream: Could not find operation ID in manifest. Generating an operation id...
2026-08-06T07:47:50.8111286+00:00 ContainerStream: Build Operation ID: bffcb297-d116-415b-9e03-98d966de1c42
2026-08-06T07:47:52.3483612+00:00 ContainerStream: Oryx Version: 0.2.20260710.1, Commit: 079b5b6294eb97d462d8f96bfa3243e9b85251da, ReleaseTagName: 20260710.1
2026-08-06T07:47:52.5104597+00:00 ContainerStream: Writing output script to '/opt/startup/startup.sh'
2026-08-06T07:47:52.7751258+00:00 ContainerStream: WARNING: Could not find virtual environment directory /home/site/wwwroot/antenv.
2026-08-06T07:47:52.7761235+00:00 ContainerStream: WARNING: Could not find package directory /home/site/wwwroot/__oryx_packages__.
2026-08-06T07:47:54.6163720+00:00 ContainerStream: [2026-08-06 07:47:54 +0000] [1872] [INFO] Starting gunicorn 24.1.1
2026-08-06T07:47:54.6451034+00:00 ContainerStream: [2026-08-06 07:47:54 +0000] [1872] [INFO] Listening at: http://0.0.0.0:8000 (1872)
2026-08-06T07:47:54.6554226+00:00 ContainerStream: [2026-08-06 07:47:54 +0000] [1872] [INFO] Using worker: sync
2026-08-06T07:47:54.7448880+00:00 ContainerStream: [2026-08-06 07:47:54 +0000] [1874] [INFO] Booting worker with pid: 1874
2026-08-06T07:47:56.6673144+00:00 ContainerStream: [2026-08-06 07:47:56 +0000] [1874] [ERROR] Exception in worker process
2026-08-06T07:47:56.6673664+00:00 ContainerStream: Traceback (most recent call last):
2026-08-06T07:47:56.6673698+00:00 ContainerStream:   File "/opt/python/3.12.13/lib/python3.12/site-packages/gunicorn/arbiter.py", line 641, in spawn_worker
2026-08-06T07:47:56.6673719+00:00 ContainerStream:     worker.init_process()
2026-08-06T07:47:56.6673745+00:00 ContainerStream:   File "/opt/python/3.12.13/lib/python3.12/site-packages/gunicorn/workers/base.py", line 135, in init_process
2026-08-06T07:47:56.6673766+00:00 ContainerStream:     self.load_wsgi()
2026-08-06T07:47:56.6673791+00:00 ContainerStream:   File "/opt/python/3.12.13/lib/python3.12/site-packages/gunicorn/workers/base.py", line 147, in load_wsgi
2026-08-06T07:47:56.6673813+00:00 ContainerStream:     self.wsgi = self.app.wsgi()
2026-08-06T07:47:56.6673834+00:00 ContainerStream:                 ^^^^^^^^^^^^^^^
2026-08-06T07:47:56.6673859+00:00 ContainerStream:   File "/opt/python/3.12.13/lib/python3.12/site-packages/gunicorn/app/base.py", line 66, in wsgi
2026-08-06T07:47:56.6673878+00:00 ContainerStream:     self.callable = self.load()
2026-08-06T07:47:56.6673898+00:00 ContainerStream:                     ^^^^^^^^^^^
2026-08-06T07:47:56.6673923+00:00 ContainerStream:   File "/opt/python/3.12.13/lib/python3.12/site-packages/gunicorn/app/wsgiapp.py", line 57, in load
2026-08-06T07:47:56.6674727+00:00 ContainerStream:     return self.load_wsgiapp()
2026-08-06T07:47:56.6674760+00:00 ContainerStream:            ^^^^^^^^^^^^^^^^^^^
2026-08-06T07:47:56.6674786+00:00 ContainerStream:   File "/opt/python/3.12.13/lib/python3.12/site-packages/gunicorn/app/wsgiapp.py", line 47, in load_wsgiapp
2026-08-06T07:47:56.6674808+00:00 ContainerStream:     return util.import_app(self.app_uri)
2026-08-06T07:47:56.6674830+00:00 ContainerStream:            ^^^^^^^^^^^^^^^^^^^^^^^^^^^^^
2026-08-06T07:47:56.6674854+00:00 ContainerStream:   File "/opt/python/3.12.13/lib/python3.12/site-packages/gunicorn/util.py", line 366, in import_app
2026-08-06T07:47:56.6674875+00:00 ContainerStream:     mod = importlib.import_module(module)
2026-08-06T07:47:56.6674897+00:00 ContainerStream:           ^^^^^^^^^^^^^^^^^^^^^^^^^^^^^^^
2026-08-06T07:47:56.6674922+00:00 ContainerStream:   File "/opt/python/3.12.13/lib/python3.12/importlib/__init__.py", line 90, in import_module
2026-08-06T07:47:56.6674946+00:00 ContainerStream:     return _bootstrap._gcd_import(name[level:], package, level)
2026-08-06T07:47:56.6674969+00:00 ContainerStream:            ^^^^^^^^^^^^^^^^^^^^^^^^^^^^^^^^^^^^^^^^^^^^^^^^^^^^
2026-08-06T07:47:56.6674992+00:00 ContainerStream:   File "<frozen importlib._bootstrap>", line 1387, in _gcd_import
2026-08-06T07:47:56.6675016+00:00 ContainerStream:   File "<frozen importlib._bootstrap>", line 1360, in _find_and_load
2026-08-06T07:47:56.6675066+00:00 ContainerStream:   File "<frozen importlib._bootstrap>", line 1331, in _find_and_load_unlocked
2026-08-06T07:47:56.6675089+00:00 ContainerStream:   File "<frozen importlib._bootstrap>", line 935, in _load_unlocked
2026-08-06T07:47:56.6675112+00:00 ContainerStream:   File "<frozen importlib._bootstrap_external>", line 999, in exec_module
2026-08-06T07:47:56.6675136+00:00 ContainerStream:   File "<frozen importlib._bootstrap>", line 488, in _call_with_frames_removed
2026-08-06T07:47:56.6675158+00:00 ContainerStream:   File "/home/site/wwwroot/app.py", line 2, in <module>
2026-08-06T07:47:56.6675180+00:00 ContainerStream:     from azure.identity import DefaultAzureCredential
2026-08-06T07:47:56.6675203+00:00 ContainerStream: ModuleNotFoundError: No module named 'azure'
2026-08-06T07:47:56.6697101+00:00 ContainerStream: No module named 'azure'
2026-08-06T07:47:56.6858051+00:00 ContainerStream: [2026-08-06 07:47:56 +0000] [1874] [INFO] Worker exiting (pid: 1874)
2026-08-06T07:47:57.0746925+00:00 ContainerStream: [2026-08-06 07:47:57 +0000] [1872] [ERROR] Worker (pid:1874) exited with code 3.
2026-08-06T07:47:57.1126193+00:00 ContainerStream: [2026-08-06 07:47:57 +0000] [1872] [ERROR] Shutting down: Master
2026-08-06T07:47:57.1144609+00:00 ContainerStream: [2026-08-06 07:47:57 +0000] [1872] [ERROR] Reason: Worker failed to boot.
2026-08-06T07:47:57.5779077+00:00 ContainerStatus: Container has finished running with exit code: 3.
2026-08-06T07:47:57.5780142+00:00 ContainerStatus: Container is terminating. Grace period: 5 seconds.
2026-08-06T07:47:57.5888750+00:00 ContainerStatus: Stop and delete container. Retry count = 0
2026-08-06T07:47:57.5957328+00:00 ContainerStatus: Stopping container: 5d0de15dac99_webappkrant20260805.
2026-08-06T07:47:57.7796466+00:00 ContainerStatus: Deleting container: 5d0de15dac99_webappkrant20260805. Retry count = 0
2026-08-06T07:47:58.3172334+00:00 ContainerStatus: Container spec TerminationMessagePolicy  path 
2026-08-06T07:47:58.3246791+00:00 ContainerStatus: Container is terminated. Total time elapsed: 739 ms.
2026-08-06T07:47:58.3258809+00:00 ContainerStatus: Site container: webappkrant20260805 terminated during site startup.
2026-08-06T07:47:58.3266223+00:00 ContainerStatus: State: Stopping, Action: CancellingStartup, LastError: ContainerStartupFailure, LastErrorTimestamp: 08/06/2026 07:43:36, LastErrorDetails: Container exited with exit code 3 during startup after 38.0s. Please inspect your container logs for more details., Details: Site container: webappkrant20260805 terminated during site startup. Cancelling site startup., DetailsLevel: ERR
2026-08-06T07:47:58.4137932+00:00 ContainerStatus: Site startup probe failed after 54.7024256 seconds.
2026-08-06T07:47:58.7513263+00:00 ContainerStatus: State: Stopping, Action: CancellingStartup, LastError: ContainerStartupFailure, LastErrorTimestamp: 08/06/2026 07:47:58, LastErrorDetails: Container exited with exit code 3 during startup after 55.0s. Please inspect your container logs for more details., Details: Site container: webappkrant20260805 terminated during site startup. Cancelling site startup., DetailsLevel: ERR
2026-08-06T07:47:58.7797755+00:00 ContainerStatus: Failed to start site. Revert by stopping site.
2026-08-06T07:47:58.8068649+00:00 ContainerStatus: State: Stopping, Action: StoppingSite, LastError: ContainerStartupFailure, LastErrorTimestamp: 08/06/2026 07:47:58, LastErrorDetails: Container exited with exit code 3 during startup after 55.0s. Please inspect your container logs for more details., Details: Site container: webappkrant20260805 terminated during site startup. Cancelling site startup., DetailsLevel: ERR
2026-08-06T07:47:58.8081810+00:00 ContainerStatus: State: Stopping, Action: StoppingSiteContainers, LastError: ContainerStartupFailure, LastErrorTimestamp: 08/06/2026 07:47:58, LastErrorDetails: Container exited with exit code 3 during startup after 55.0s. Please inspect your container logs for more details., Details: Site container: webappkrant20260805 terminated during site startup. Cancelling site startup., DetailsLevel: ERR
2026-08-06T07:47:59.5119694+00:00 ContainerStatus: Site container: webappkrant20260805_managedIdentity terminated during site startup.
2026-08-06T07:47:59.5121112+00:00 ContainerStatus: State: Stopping, Action: StoppingSiteContainers, LastError: ContainerStartupFailure, LastErrorTimestamp: 08/06/2026 07:47:58, LastErrorDetails: Container exited with exit code 3 during startup after 55.0s. Please inspect your container logs for more details., Details: Site container: webappkrant20260805 terminated during site startup. Cancelling site startup., DetailsLevel: ERR
2026-08-06T07:47:59.5122545+00:00 ContainerStatus: Site: webappkrant20260805 stopped.
========== New Cold Start Attempt (2026-08-06T07:47:59.5414153+00:00) ==========
2026-08-06T07:47:59.5414153+00:00 ContainerStatus: State: Stopping, Action: UnmountingVolumes, LastError: ContainerStartupFailure, LastErrorTimestamp: 08/06/2026 07:47:58, LastErrorDetails: Container exited with exit code 3 during startup after 55.0s. Please inspect your container logs for more details., Details: Site container: webappkrant20260805 terminated during site startup. Cancelling site startup., DetailsLevel: ERR
2026-08-06T07:48:00.5051502+00:00 ContainerStatus: State: Stopping, Action: StoppingSiteNetworks, LastError: ContainerStartupFailure, LastErrorTimestamp: 08/06/2026 07:47:58, LastErrorDetails: Container exited with exit code 3 during startup after 55.0s. Please inspect your container logs for more details., Details: Site container: webappkrant20260805 terminated during site startup. Cancelling site startup., DetailsLevel: ERR
2026-08-06T07:48:01.2024039+00:00 ContainerStatus: Site: webappkrant20260805 will be blocked for 1 minutes till 08/06/2026 07:49:01
2026-08-06T07:48:01.2025114+00:00 ContainerStatus: State: Blocked, Action: StoppingSiteNetworks, LastError: ContainerStartupFailure, LastErrorTimestamp: 08/06/2026 07:47:58, LastErrorDetails: Container exited with exit code 3 during startup after 55.0s. Please inspect your container logs for more details., Details: Site: webappkrant20260805 will be blocked for 1 minutes till 08/06/2026 07:49:01, DetailsLevel: WARN
2026-08-06T07:48:01.2203396+00:00 ContainerStatus: State: Stopped, Action: None, LastError: ContainerStartupFailure, LastErrorTimestamp: 08/06/2026 07:47:58, LastErrorDetails: Container exited with exit code 3 during startup after 55.0s. Please inspect your container logs for more details., Details: Site stopped at 08/06/2026 07:48:01 (UTC), DetailsLevel: WARN
2026-08-06T07:48:02.9439173+00:00 ContainerStatus: State: Stopped, Action: None, LastError: ContainerStartupFailure, LastErrorTimestamp: 08/06/2026 07:47:58, LastErrorDetails: Container exited with exit code 3 during startup after 55.0s. Please inspect your container logs for more details., Details: Site stopped at 08/06/2026 07:48:01 (UTC), DetailsLevel: WARN
2026-08-06T07:49:01.2154837+00:00 ContainerStatus: Site: webappkrant20260805 is unblocked.
2026-08-06T07:50:19.4075176+00:00 ContainerStatus: State: Starting, Action: EstablishingSiteNetworks, LastError: ContainerStartupFailure, LastErrorTimestamp: 08/06/2026 07:47:58, LastErrorDetails: Container exited with exit code 3 during startup after 55.0s. Please inspect your container logs for more details., Details: Site stopped at 08/06/2026 07:48:01 (UTC), DetailsLevel: WARN
2026-08-06T07:50:22.9930038+00:00 ContainerStatus: State: Starting, Action: StartingMsiContainer, LastError: ContainerStartupFailure, LastErrorTimestamp: 08/06/2026 07:47:58, LastErrorDetails: Container exited with exit code 3 during startup after 55.0s. Please inspect your container logs for more details., Details: Site stopped at 08/06/2026 07:48:01 (UTC), DetailsLevel: WARN
2026-08-06T07:50:38.9160206+00:00 ContainerStatus: State: Starting, Action: StartingSiteContainers, LastError: ContainerStartupFailure, LastErrorTimestamp: 08/06/2026 07:47:58, LastErrorDetails: Container exited with exit code 3 during startup after 55.0s. Please inspect your container logs for more details., Details: Site stopped at 08/06/2026 07:48:01 (UTC), DetailsLevel: WARN
2026-08-06T07:50:38.9162628+00:00 ContainerStatus: Container start method called.
2026-08-06T07:50:38.9164164+00:00 ContainerStatus: State: Starting, Action: PullingImage, LastError: ContainerStartupFailure, LastErrorTimestamp: 08/06/2026 07:47:58, LastErrorDetails: Container exited with exit code 3 during startup after 55.0s. Please inspect your container logs for more details., Details: Pulling image 10.1.0.5:13209/appsvc/python:3.12_20260710.8.tuxprod for webappkrant20260805., DetailsLevel: INFO
2026-08-06T07:50:38.9165608+00:00 ContainerStatus: Establishing network.
2026-08-06T07:50:38.9166573+00:00 ContainerStatus: Pulling image: appsvc/python:3.12_20260710.8.tuxprod.
2026-08-06T07:50:39.1889652+00:00 ContainerStatus: Container is starting.
2026-08-06T07:50:39.1894134+00:00 ContainerStatus: State: Starting, Action: MountingVolumes, LastError: ContainerStartupFailure, LastErrorTimestamp: 08/06/2026 07:47:58, LastErrorDetails: Container exited with exit code 3 during startup after 55.0s. Please inspect your container logs for more details., Details: Mounting volumes for webappkrant20260805., DetailsLevel: INFO
2026-08-06T07:50:39.1897314+00:00 ContainerStatus: Establishing user namespace if not established already.
2026-08-06T07:50:39.1900907+00:00 ContainerStatus: Establishing network if not established already.
2026-08-06T07:50:39.1903821+00:00 ContainerStatus: Mounting volumes.
2026-08-06T07:50:39.1905352+00:00 ContainerStatus: Nested mountpoint 
2026-08-06T07:50:39.2006068+00:00 ContainerStatus: Nested mountpoint volatile/logs
2026-08-06T07:50:39.2599897+00:00 ContainerStatus: Nested mountpoint 
2026-08-06T07:50:39.2605158+00:00 ContainerStatus: Nested mountpoint 
2026-08-06T07:50:39.2709802+00:00 ContainerStatus: Nested mountpoint 
2026-08-06T07:50:39.3670026+00:00 ContainerStatus: Nested mountpoint 
2026-08-06T07:50:40.0735278+00:00 ContainerStatus: State: Starting, Action: CreatingContainer, LastError: ContainerStartupFailure, LastErrorTimestamp: 08/06/2026 07:47:58, LastErrorDetails: Container exited with exit code 3 during startup after 55.0s. Please inspect your container logs for more details., Details: Finished pulling container image and mounting volumes for webappkrant20260805. Allocatinng the rest of the container resources to finish container creation., DetailsLevel: INFO
2026-08-06T07:50:40.0736483+00:00 ContainerStatus: Creating container.
2026-08-06T07:50:40.0737392+00:00 ContainerStatus: Creating pipes for streaming container io.
2026-08-06T07:50:40.0738016+00:00 ContainerStatus: Creating stdout named pipe at /podr/container/pipe/3a1d1a9fa221_webappkrant20260805/stdout_b4bb0723a8b24f1d945ac5ba843c78be.
2026-08-06T07:50:40.0740178+00:00 ContainerStatus: Successfully created stdout named pipe at: /podr/container/pipe/3a1d1a9fa221_webappkrant20260805/stdout_b4bb0723a8b24f1d945ac5ba843c78be.
2026-08-06T07:50:40.0740729+00:00 ContainerStatus: Opening named pipe /podr/container/pipe/3a1d1a9fa221_webappkrant20260805/stdout_b4bb0723a8b24f1d945ac5ba843c78be for reading in non-blocking mode.
2026-08-06T07:50:40.0761937+00:00 ContainerStatus: Successfully opened named pipe: /podr/container/pipe/3a1d1a9fa221_webappkrant20260805/stdout_b4bb0723a8b24f1d945ac5ba843c78be.
2026-08-06T07:50:40.0768875+00:00 ContainerStatus: Successfully removed non-blocking flag from /podr/container/pipe/3a1d1a9fa221_webappkrant20260805/stdout_b4bb0723a8b24f1d945ac5ba843c78be.
2026-08-06T07:50:40.0934969+00:00 ContainerStatus: Creating stderr named pipe at /podr/container/pipe/3a1d1a9fa221_webappkrant20260805/stderr_53b2fcba52564d30b94702211dd0e372.
2026-08-06T07:50:40.0944035+00:00 ContainerStatus: Successfully created stderr named pipe at: /podr/container/pipe/3a1d1a9fa221_webappkrant20260805/stderr_53b2fcba52564d30b94702211dd0e372.
2026-08-06T07:50:40.0951101+00:00 ContainerStatus: Opening named pipe /podr/container/pipe/3a1d1a9fa221_webappkrant20260805/stderr_53b2fcba52564d30b94702211dd0e372 for reading in non-blocking mode.
2026-08-06T07:50:40.0957547+00:00 ContainerStatus: Successfully opened named pipe: /podr/container/pipe/3a1d1a9fa221_webappkrant20260805/stderr_53b2fcba52564d30b94702211dd0e372.
2026-08-06T07:50:40.1051959+00:00 ContainerStatus: Successfully removed non-blocking flag from /podr/container/pipe/3a1d1a9fa221_webappkrant20260805/stderr_53b2fcba52564d30b94702211dd0e372.
2026-08-06T07:50:40.1054911+00:00 ContainerStatus: Creating container with image: appsvc/python:3.12_20260710.8.tuxprod from registry: 10.1.0.5:13209 and fully qualified image name: 10.1.0.5:13209/appsvc/python:3.12_20260710.8.tuxprod
2026-08-06T07:50:40.9373895+00:00 ContainerStatus: Starting container: 3a1d1a9fa221_webappkrant20260805.
2026-08-06T07:50:41.0423042+00:00 ContainerStatus: Starting watchers and probes.
2026-08-06T07:50:41.0434690+00:00 ContainerStatus: Starting metrics collection.
2026-08-06T07:50:41.0445335+00:00 ContainerStatus: Container is running.
2026-08-06T07:50:41.0638939+00:00 ContainerStatus: State: Starting, Action: CreatingContainer, LastError: ContainerStartupFailure, LastErrorTimestamp: 08/06/2026 07:47:58, LastErrorDetails: Container exited with exit code 3 during startup after 55.0s. Please inspect your container logs for more details., Details: Container webappkrant20260805 successfully created and is running., DetailsLevel: INFO
2026-08-06T07:50:41.3075094+00:00 ContainerStatus: Container start method finished after 2344 ms.
2026-08-06T07:50:41.3078476+00:00 ContainerStatus: State: Starting, Action: InitiatingSiteWarmUpProbe, LastError: ContainerStartupFailure, LastErrorTimestamp: 08/06/2026 07:47:58, LastErrorDetails: Container exited with exit code 3 during startup after 55.0s. Please inspect your container logs for more details., Details: Container webappkrant20260805 successfully created and is running., DetailsLevel: INFO
2026-08-06T07:50:41.3079331+00:00 ContainerStatus: State: Starting, Action: WaitingForSiteWarmUpProbeSuccess, LastError: ContainerStartupFailure, LastErrorTimestamp: 08/06/2026 07:47:58, LastErrorDetails: Container exited with exit code 3 during startup after 55.0s. Please inspect your container logs for more details., Details: Pinging warmup path to ensure container is ready to receive requests., DetailsLevel: INFO
2026-08-06T07:50:41.7240426+00:00 ContainerStream:    _____                               
2026-08-06T07:50:41.7303552+00:00 ContainerStream:   /  _  \ __________ _________   ____  
2026-08-06T07:50:41.7303628+00:00 ContainerStream:  /  /_\  \\___   /  |  \_  __ \_/ __ \ 
2026-08-06T07:50:41.7303655+00:00 ContainerStream: /    |    \/    /|  |  /|  | \/\  ___/ 
2026-08-06T07:50:41.7303686+00:00 ContainerStream: \____|__  /_____ \____/ |__|    \___  >
2026-08-06T07:50:41.7303708+00:00 ContainerStream:         \/      \/                  \/ 
2026-08-06T07:50:41.7303729+00:00 ContainerStream: A P P   S E R V I C E   O N   L I N U X
2026-08-06T07:50:41.7303897+00:00 ContainerStream: 
2026-08-06T07:50:41.7304021+00:00 ContainerStream: Documentation     : https://aka.ms/webapp-linux
2026-08-06T07:50:41.7304045+00:00 ContainerStream: Python quickstart : https://aka.ms/python-qs
2026-08-06T07:50:41.7304069+00:00 ContainerStream: Python version    : 3.12.13
2026-08-06T07:50:41.7304091+00:00 ContainerStream: Instance name     : lw0sdlwk0000BZ
2026-08-06T07:50:41.7304129+00:00 ContainerStream: Instance id       : 2ddc320b3ce56068eef7d30467cf47281e2049dbabf0cdd575a97ac496677136
2026-08-06T07:50:41.7304147+00:00 ContainerStream: 
2026-08-06T07:50:41.7304168+00:00 ContainerStream: App port          : 8000
2026-08-06T07:50:41.7304190+00:00 ContainerStream: Port selected by  : Default for this image
2026-08-06T07:50:41.7304215+00:00 ContainerStream: (Learn more about the PORT appsetting https://aka.ms/webapp-python-settings)
2026-08-06T07:50:41.7304233+00:00 ContainerStream: 
2026-08-06T07:50:41.7304256+00:00 ContainerStream: Note: Any data outside '/home' is not persisted
2026-08-06T07:50:41.7304275+00:00 ContainerStream: 
2026-08-06T07:50:41.7304323+00:00 ContainerStream: ────────────────────────────────────────────────────────────────
2026-08-06T07:50:41.7304372+00:00 ContainerStream:  Run 'apphelp' for available commands and aliases.
2026-08-06T07:50:41.7304396+00:00 ContainerStream:  Run 'install-nettools' to install networking utilities.
2026-08-06T07:50:41.7304430+00:00 ContainerStream: ────────────────────────────────────────────────────────────────
2026-08-06T07:50:44.0731272+00:00 ContainerStream: Starting OpenBSD Secure Shell server: sshd.
2026-08-06T07:50:44.1194696+00:00 ContainerStream: WEBSITES_INCLUDE_CLOUD_CERTS is not set to true.
2026-08-06T07:50:44.1979736+00:00 ContainerStream: Updating certificates in /etc/ssl/certs...
2026-08-06T07:51:07.9571026+00:00 ContainerStream: rehash: warning: skipping ca-certificates.crt,it does not contain exactly one certificate or CRL
2026-08-06T07:51:08.0757344+00:00 ContainerStream: rehash: warning: skipping duplicate certificate in azl_SSL.com_TLS_RSA_Root_CA_2022.pem
2026-08-06T07:51:08.1150437+00:00 ContainerStream: rehash: warning: skipping duplicate certificate in azl_SSL.com_TLS_ECC_Root_CA_2022.pem
2026-08-06T07:51:08.1652692+00:00 ContainerStream: 4 added, 0 removed; done.
2026-08-06T07:51:08.1822553+00:00 ContainerStream: Running hooks in /etc/ca-certificates/update.d...
2026-08-06T07:51:08.2011505+00:00 ContainerStream: done.
2026-08-06T07:51:08.2230841+00:00 ContainerStream: CA certificates copied and updated successfully.
2026-08-06T07:51:08.4788171+00:00 ContainerStream: Site's appCommandLine: gunicorn --bind=0.0.0.0 app:app
2026-08-06T07:51:08.9534523+00:00 ContainerStream: Starting periodic command scheduler: cron.
2026-08-06T07:51:08.9715551+00:00 ContainerStream: Launching oryx with: create-script -appPath /home/site/wwwroot -output /opt/startup/startup.sh -virtualEnvName antenv -defaultApp /opt/defaultsite -userStartupCommand 'gunicorn --bind=0.0.0.0 app:app'
2026-08-06T07:51:09.4496877+00:00 ContainerStream: Could not find build manifest file at '/home/site/wwwroot/oryx-manifest.toml'
2026-08-06T07:51:09.4596848+00:00 ContainerStream: Could not find operation ID in manifest. Generating an operation id...
2026-08-06T07:51:09.4597161+00:00 ContainerStream: Build Operation ID: f65359d6-7465-48ac-af2b-96914d8c0498
2026-08-06T07:51:10.4281422+00:00 ContainerStream: Oryx Version: 0.2.20260710.1, Commit: 079b5b6294eb97d462d8f96bfa3243e9b85251da, ReleaseTagName: 20260710.1
2026-08-06T07:51:10.6021962+00:00 ContainerStream: Writing output script to '/opt/startup/startup.sh'
2026-08-06T07:51:10.8347820+00:00 ContainerStream: WARNING: Could not find virtual environment directory /home/site/wwwroot/antenv.
2026-08-06T07:51:10.8412578+00:00 ContainerStream: WARNING: Could not find package directory /home/site/wwwroot/__oryx_packages__.
2026-08-06T07:51:12.8781794+00:00 ContainerStream: [2026-08-06 07:51:12 +0000] [1870] [INFO] Starting gunicorn 24.1.1
2026-08-06T07:51:12.8796254+00:00 ContainerStream: [2026-08-06 07:51:12 +0000] [1870] [INFO] Listening at: http://0.0.0.0:8000 (1870)
2026-08-06T07:51:12.8852969+00:00 ContainerStream: [2026-08-06 07:51:12 +0000] [1870] [INFO] Using worker: sync
2026-08-06T07:51:12.9055185+00:00 ContainerStream: [2026-08-06 07:51:12 +0000] [1871] [INFO] Booting worker with pid: 1871
2026-08-06T07:51:14.4201116+00:00 ContainerStream: [2026-08-06 07:51:14 +0000] [1871] [ERROR] Exception in worker process
2026-08-06T07:51:14.4201662+00:00 ContainerStream: Traceback (most recent call last):
2026-08-06T07:51:14.4201704+00:00 ContainerStream:   File "/opt/python/3.12.13/lib/python3.12/site-packages/gunicorn/arbiter.py", line 641, in spawn_worker
2026-08-06T07:51:14.4201726+00:00 ContainerStream:     worker.init_process()
2026-08-06T07:51:14.4201752+00:00 ContainerStream:   File "/opt/python/3.12.13/lib/python3.12/site-packages/gunicorn/workers/base.py", line 135, in init_process
2026-08-06T07:51:14.4201772+00:00 ContainerStream:     self.load_wsgi()
2026-08-06T07:51:14.4201804+00:00 ContainerStream:   File "/opt/python/3.12.13/lib/python3.12/site-packages/gunicorn/workers/base.py", line 147, in load_wsgi
2026-08-06T07:51:14.4201924+00:00 ContainerStream:     self.wsgi = self.app.wsgi()
2026-08-06T07:51:14.4201945+00:00 ContainerStream:                 ^^^^^^^^^^^^^^^
2026-08-06T07:51:14.4201970+00:00 ContainerStream:   File "/opt/python/3.12.13/lib/python3.12/site-packages/gunicorn/app/base.py", line 66, in wsgi
2026-08-06T07:51:14.4201990+00:00 ContainerStream:     self.callable = self.load()
2026-08-06T07:51:14.4202011+00:00 ContainerStream:                     ^^^^^^^^^^^
2026-08-06T07:51:14.4202037+00:00 ContainerStream:   File "/opt/python/3.12.13/lib/python3.12/site-packages/gunicorn/app/wsgiapp.py", line 57, in load
2026-08-06T07:51:14.4202057+00:00 ContainerStream:     return self.load_wsgiapp()
2026-08-06T07:51:14.4202077+00:00 ContainerStream:            ^^^^^^^^^^^^^^^^^^^
2026-08-06T07:51:14.4202104+00:00 ContainerStream:   File "/opt/python/3.12.13/lib/python3.12/site-packages/gunicorn/app/wsgiapp.py", line 47, in load_wsgiapp
2026-08-06T07:51:14.4202125+00:00 ContainerStream:     return util.import_app(self.app_uri)
2026-08-06T07:51:14.4202146+00:00 ContainerStream:            ^^^^^^^^^^^^^^^^^^^^^^^^^^^^^
2026-08-06T07:51:14.4202172+00:00 ContainerStream:   File "/opt/python/3.12.13/lib/python3.12/site-packages/gunicorn/util.py", line 366, in import_app
2026-08-06T07:51:14.4202217+00:00 ContainerStream:     mod = importlib.import_module(module)
2026-08-06T07:51:14.4202239+00:00 ContainerStream:           ^^^^^^^^^^^^^^^^^^^^^^^^^^^^^^^
2026-08-06T07:51:14.4202264+00:00 ContainerStream:   File "/opt/python/3.12.13/lib/python3.12/importlib/__init__.py", line 90, in import_module
2026-08-06T07:51:14.4202287+00:00 ContainerStream:     return _bootstrap._gcd_import(name[level:], package, level)
2026-08-06T07:51:14.4202310+00:00 ContainerStream:            ^^^^^^^^^^^^^^^^^^^^^^^^^^^^^^^^^^^^^^^^^^^^^^^^^^^^
2026-08-06T07:51:14.4202334+00:00 ContainerStream:   File "<frozen importlib._bootstrap>", line 1387, in _gcd_import
2026-08-06T07:51:14.4202356+00:00 ContainerStream:   File "<frozen importlib._bootstrap>", line 1360, in _find_and_load
2026-08-06T07:51:14.4202380+00:00 ContainerStream:   File "<frozen importlib._bootstrap>", line 1331, in _find_and_load_unlocked
2026-08-06T07:51:14.4202403+00:00 ContainerStream:   File "<frozen importlib._bootstrap>", line 935, in _load_unlocked
2026-08-06T07:51:14.4202426+00:00 ContainerStream:   File "<frozen importlib._bootstrap_external>", line 999, in exec_module
2026-08-06T07:51:14.4202450+00:00 ContainerStream:   File "<frozen importlib._bootstrap>", line 488, in _call_with_frames_removed
2026-08-06T07:51:14.4202472+00:00 ContainerStream:   File "/home/site/wwwroot/app.py", line 2, in <module>
2026-08-06T07:51:14.4202495+00:00 ContainerStream:     from azure.identity import DefaultAzureCredential
2026-08-06T07:51:14.4202544+00:00 ContainerStream: ModuleNotFoundError: No module named 'azure'
2026-08-06T07:51:14.4380080+00:00 ContainerStream: No module named 'azure'
2026-08-06T07:51:14.4395747+00:00 ContainerStream: [2026-08-06 07:51:14 +0000] [1871] [INFO] Worker exiting (pid: 1871)
2026-08-06T07:51:15.3925686+00:00 ContainerStream: [2026-08-06 07:51:15 +0000] [1870] [ERROR] Worker (pid:1871) exited with code 3.
2026-08-06T07:51:15.3925960+00:00 ContainerStream: [2026-08-06 07:51:15 +0000] [1870] [ERROR] Shutting down: Master
2026-08-06T07:51:15.3925999+00:00 ContainerStream: [2026-08-06 07:51:15 +0000] [1870] [ERROR] Reason: Worker failed to boot.
2026-08-06T07:51:15.6828841+00:00 ContainerStatus: Container has finished running with exit code: 3.
2026-08-06T07:51:15.6834063+00:00 ContainerStatus: Container is terminating. Grace period: 5 seconds.
2026-08-06T07:51:15.6934534+00:00 ContainerStatus: Stop and delete container. Retry count = 0
2026-08-06T07:51:15.6935905+00:00 ContainerStatus: Stopping container: 3a1d1a9fa221_webappkrant20260805.
2026-08-06T07:51:15.8620794+00:00 ContainerStatus: Deleting container: 3a1d1a9fa221_webappkrant20260805. Retry count = 0
2026-08-06T07:51:16.2544351+00:00 ContainerStatus: Container spec TerminationMessagePolicy  path 
2026-08-06T07:51:16.2558516+00:00 ContainerStatus: Container is terminated. Total time elapsed: 572 ms.
2026-08-06T07:51:16.2560113+00:00 ContainerStatus: Site container: webappkrant20260805 terminated during site startup.
2026-08-06T07:51:16.2562161+00:00 ContainerStatus: State: Stopping, Action: CancellingStartup, LastError: ContainerStartupFailure, LastErrorTimestamp: 08/06/2026 07:47:58, LastErrorDetails: Container exited with exit code 3 during startup after 55.0s. Please inspect your container logs for more details., Details: Site container: webappkrant20260805 terminated during site startup. Cancelling site startup., DetailsLevel: ERR
2026-08-06T07:51:16.2848709+00:00 ContainerStatus: Site startup probe failed after 34.9762452 seconds.
2026-08-06T07:51:16.5592098+00:00 ContainerStatus: State: Stopping, Action: CancellingStartup, LastError: ContainerStartupFailure, LastErrorTimestamp: 08/06/2026 07:51:16, LastErrorDetails: Container exited with exit code 3 during startup after 35.2s. Please inspect your container logs for more details., Details: Site container: webappkrant20260805 terminated during site startup. Cancelling site startup., DetailsLevel: ERR
2026-08-06T07:51:16.5700810+00:00 ContainerStatus: Failed to start site. Revert by stopping site.
2026-08-06T07:51:16.5775809+00:00 ContainerStatus: State: Stopping, Action: StoppingSite, LastError: ContainerStartupFailure, LastErrorTimestamp: 08/06/2026 07:51:16, LastErrorDetails: Container exited with exit code 3 during startup after 35.2s. Please inspect your container logs for more details., Details: Site container: webappkrant20260805 terminated during site startup. Cancelling site startup., DetailsLevel: ERR
2026-08-06T07:51:16.5780850+00:00 ContainerStatus: State: Stopping, Action: StoppingSiteContainers, LastError: ContainerStartupFailure, LastErrorTimestamp: 08/06/2026 07:51:16, LastErrorDetails: Container exited with exit code 3 during startup after 35.2s. Please inspect your container logs for more details., Details: Site container: webappkrant20260805 terminated during site startup. Cancelling site startup., DetailsLevel: ERR
2026-08-06T07:51:17.0361460+00:00 ContainerStatus: Site container: webappkrant20260805_managedIdentity terminated during site startup.
2026-08-06T07:51:17.0367225+00:00 ContainerStatus: State: Stopping, Action: StoppingSiteContainers, LastError: ContainerStartupFailure, LastErrorTimestamp: 08/06/2026 07:51:16, LastErrorDetails: Container exited with exit code 3 during startup after 35.2s. Please inspect your container logs for more details., Details: Site container: webappkrant20260805 terminated during site startup. Cancelling site startup., DetailsLevel: ERR
2026-08-06T07:51:17.0368448+00:00 ContainerStatus: Site: webappkrant20260805 stopped.
========== New Cold Start Attempt (2026-08-06T07:51:17.0559933+00:00) ==========
2026-08-06T07:51:17.0559933+00:00 ContainerStatus: State: Stopping, Action: UnmountingVolumes, LastError: ContainerStartupFailure, LastErrorTimestamp: 08/06/2026 07:51:16, LastErrorDetails: Container exited with exit code 3 during startup after 35.2s. Please inspect your container logs for more details., Details: Site container: webappkrant20260805 terminated during site startup. Cancelling site startup., DetailsLevel: ERR
2026-08-06T07:51:17.7857427+00:00 ContainerStatus: State: Stopping, Action: StoppingSiteNetworks, LastError: ContainerStartupFailure, LastErrorTimestamp: 08/06/2026 07:51:16, LastErrorDetails: Container exited with exit code 3 during startup after 35.2s. Please inspect your container logs for more details., Details: Site container: webappkrant20260805 terminated during site startup. Cancelling site startup., DetailsLevel: ERR
2026-08-06T07:51:18.1095448+00:00 ContainerStatus: Site: webappkrant20260805 will be blocked for 2 minutes till 08/06/2026 07:53:18
2026-08-06T07:51:18.1109851+00:00 ContainerStatus: State: Blocked, Action: StoppingSiteNetworks, LastError: ContainerStartupFailure, LastErrorTimestamp: 08/06/2026 07:51:16, LastErrorDetails: Container exited with exit code 3 during startup after 35.2s. Please inspect your container logs for more details., Details: Site: webappkrant20260805 will be blocked for 2 minutes till 08/06/2026 07:53:18, DetailsLevel: WARN
2026-08-06T07:51:18.1192094+00:00 ContainerStatus: State: Stopped, Action: None, LastError: ContainerStartupFailure, LastErrorTimestamp: 08/06/2026 07:51:16, LastErrorDetails: Container exited with exit code 3 during startup after 35.2s. Please inspect your container logs for more details., Details: Site stopped at 08/06/2026 07:51:18 (UTC), DetailsLevel: WARN
2026-08-06T07:51:19.3764363+00:00 ContainerStatus: State: Stopped, Action: None, LastError: ContainerStartupFailure, LastErrorTimestamp: 08/06/2026 07:51:16, LastErrorDetails: Container exited with exit code 3 during startup after 35.2s. Please inspect your container logs for more details., Details: Site stopped at 08/06/2026 07:51:18 (UTC), DetailsLevel: WARN
2026-08-06T07:52:34.0648852+00:00 ContainerStatus: State: Blocked, Action: None, LastError: ContainerStartupFailure, LastErrorTimestamp: 08/06/2026 07:51:16, LastErrorDetails: Container exited with exit code 3 during startup after 35.2s. Please inspect your container logs for more details., Details: Site is blocked due to multiple, consecutive cold start failures. Site scheduled to be unblocked at 08/06/2026 07:53:18, DetailsLevel: WARN
2026-08-06T07:52:34.0649809+00:00 ContainerStatus: Start site prohibitted because the site is being blocked.
2026-08-06T07:53:18.1129142+00:00 ContainerStatus: Site: webappkrant20260805 is unblocked.
2026-08-06T07:57:34.5283568+00:00 ContainerStatus: State: Starting, Action: EstablishingSiteNetworks, LastError: ContainerStartupFailure, LastErrorTimestamp: 08/06/2026 07:51:16, LastErrorDetails: Container exited with exit code 3 during startup after 35.2s. Please inspect your container logs for more details., Details: Site is blocked due to multiple, consecutive cold start failures. Site scheduled to be unblocked at 08/06/2026 07:53:18, DetailsLevel: WARN
2026-08-06T07:57:37.7179343+00:00 ContainerStatus: State: Starting, Action: StartingMsiContainer, LastError: ContainerStartupFailure, LastErrorTimestamp: 08/06/2026 07:51:16, LastErrorDetails: Container exited with exit code 3 during startup after 35.2s. Please inspect your container logs for more details., Details: Site is blocked due to multiple, consecutive cold start failures. Site scheduled to be unblocked at 08/06/2026 07:53:18, DetailsLevel: WARN
2026-08-06T07:57:53.5709555+00:00 ContainerStatus: State: Starting, Action: StartingSiteContainers, LastError: ContainerStartupFailure, LastErrorTimestamp: 08/06/2026 07:51:16, LastErrorDetails: Container exited with exit code 3 during startup after 35.2s. Please inspect your container logs for more details., Details: Site is blocked due to multiple, consecutive cold start failures. Site scheduled to be unblocked at 08/06/2026 07:53:18, DetailsLevel: WARN
2026-08-06T07:57:53.5896256+00:00 ContainerStatus: Container start method called.
2026-08-06T07:57:53.5906451+00:00 ContainerStatus: State: Starting, Action: PullingImage, LastError: ContainerStartupFailure, LastErrorTimestamp: 08/06/2026 07:51:16, LastErrorDetails: Container exited with exit code 3 during startup after 35.2s. Please inspect your container logs for more details., Details: Pulling image 10.1.0.5:13209/appsvc/python:3.12_20260710.8.tuxprod for webappkrant20260805., DetailsLevel: INFO
2026-08-06T07:57:53.6271807+00:00 ContainerStatus: Establishing network.
2026-08-06T07:57:53.6282810+00:00 ContainerStatus: Pulling image: appsvc/python:3.12_20260710.8.tuxprod.
2026-08-06T07:57:53.9315353+00:00 ContainerStatus: Container is starting.
2026-08-06T07:57:53.9320911+00:00 ContainerStatus: State: Starting, Action: MountingVolumes, LastError: ContainerStartupFailure, LastErrorTimestamp: 08/06/2026 07:51:16, LastErrorDetails: Container exited with exit code 3 during startup after 35.2s. Please inspect your container logs for more details., Details: Mounting volumes for webappkrant20260805., DetailsLevel: INFO
2026-08-06T07:57:53.9321753+00:00 ContainerStatus: Establishing user namespace if not established already.
2026-08-06T07:57:53.9322383+00:00 ContainerStatus: Establishing network if not established already.
2026-08-06T07:57:53.9323284+00:00 ContainerStatus: Mounting volumes.
2026-08-06T07:57:53.9324652+00:00 ContainerStatus: Nested mountpoint 
2026-08-06T07:57:53.9410057+00:00 ContainerStatus: Nested mountpoint volatile/logs
2026-08-06T07:57:53.9731208+00:00 ContainerStatus: Nested mountpoint 
2026-08-06T07:57:53.9736004+00:00 ContainerStatus: Nested mountpoint 
2026-08-06T07:57:54.0408256+00:00 ContainerStatus: Nested mountpoint 
2026-08-06T07:57:54.0737214+00:00 ContainerStatus: Nested mountpoint 
2026-08-06T07:57:54.6749031+00:00 ContainerStatus: State: Starting, Action: CreatingContainer, LastError: ContainerStartupFailure, LastErrorTimestamp: 08/06/2026 07:51:16, LastErrorDetails: Container exited with exit code 3 during startup after 35.2s. Please inspect your container logs for more details., Details: Finished pulling container image and mounting volumes for webappkrant20260805. Allocatinng the rest of the container resources to finish container creation., DetailsLevel: INFO
2026-08-06T07:57:54.6810416+00:00 ContainerStatus: Creating container.
2026-08-06T07:57:54.6811814+00:00 ContainerStatus: Creating pipes for streaming container io.
2026-08-06T07:57:54.6815622+00:00 ContainerStatus: Creating stdout named pipe at /podr/container/pipe/af6dc855274e_webappkrant20260805/stdout_44b53da2b6594d95989f30e08f9d97bb.
2026-08-06T07:57:54.6820637+00:00 ContainerStatus: Successfully created stdout named pipe at: /podr/container/pipe/af6dc855274e_webappkrant20260805/stdout_44b53da2b6594d95989f30e08f9d97bb.
2026-08-06T07:57:54.6822568+00:00 ContainerStatus: Opening named pipe /podr/container/pipe/af6dc855274e_webappkrant20260805/stdout_44b53da2b6594d95989f30e08f9d97bb for reading in non-blocking mode.
2026-08-06T07:57:54.6823950+00:00 ContainerStatus: Successfully opened named pipe: /podr/container/pipe/af6dc855274e_webappkrant20260805/stdout_44b53da2b6594d95989f30e08f9d97bb.
2026-08-06T07:57:54.6845905+00:00 ContainerStatus: Successfully removed non-blocking flag from /podr/container/pipe/af6dc855274e_webappkrant20260805/stdout_44b53da2b6594d95989f30e08f9d97bb.
2026-08-06T07:57:54.7023665+00:00 ContainerStatus: Creating stderr named pipe at /podr/container/pipe/af6dc855274e_webappkrant20260805/stderr_e4e3ebd7f0b04e8a9f195d4e6845d3b2.
2026-08-06T07:57:54.7025478+00:00 ContainerStatus: Successfully created stderr named pipe at: /podr/container/pipe/af6dc855274e_webappkrant20260805/stderr_e4e3ebd7f0b04e8a9f195d4e6845d3b2.
2026-08-06T07:57:54.7026067+00:00 ContainerStatus: Opening named pipe /podr/container/pipe/af6dc855274e_webappkrant20260805/stderr_e4e3ebd7f0b04e8a9f195d4e6845d3b2 for reading in non-blocking mode.
2026-08-06T07:57:54.7026800+00:00 ContainerStatus: Successfully opened named pipe: /podr/container/pipe/af6dc855274e_webappkrant20260805/stderr_e4e3ebd7f0b04e8a9f195d4e6845d3b2.
2026-08-06T07:57:54.7027429+00:00 ContainerStatus: Successfully removed non-blocking flag from /podr/container/pipe/af6dc855274e_webappkrant20260805/stderr_e4e3ebd7f0b04e8a9f195d4e6845d3b2.
2026-08-06T07:57:54.7028574+00:00 ContainerStatus: Creating container with image: appsvc/python:3.12_20260710.8.tuxprod from registry: 10.1.0.5:13209 and fully qualified image name: 10.1.0.5:13209/appsvc/python:3.12_20260710.8.tuxprod
2026-08-06T07:57:55.5835497+00:00 ContainerStatus: Starting container: af6dc855274e_webappkrant20260805.
2026-08-06T07:57:55.6536981+00:00 ContainerStatus: Starting watchers and probes.
2026-08-06T07:57:55.6562894+00:00 ContainerStatus: Starting metrics collection.
2026-08-06T07:57:55.6630215+00:00 ContainerStatus: Container is running.
2026-08-06T07:57:55.6634387+00:00 ContainerStatus: State: Starting, Action: CreatingContainer, LastError: ContainerStartupFailure, LastErrorTimestamp: 08/06/2026 07:51:16, LastErrorDetails: Container exited with exit code 3 during startup after 35.2s. Please inspect your container logs for more details., Details: Container webappkrant20260805 successfully created and is running., DetailsLevel: INFO
2026-08-06T07:57:56.0513479+00:00 ContainerStatus: Container start method finished after 2405 ms.
2026-08-06T07:57:56.0524377+00:00 ContainerStatus: State: Starting, Action: InitiatingSiteWarmUpProbe, LastError: ContainerStartupFailure, LastErrorTimestamp: 08/06/2026 07:51:16, LastErrorDetails: Container exited with exit code 3 during startup after 35.2s. Please inspect your container logs for more details., Details: Container webappkrant20260805 successfully created and is running., DetailsLevel: INFO
2026-08-06T07:57:56.0534258+00:00 ContainerStatus: State: Starting, Action: WaitingForSiteWarmUpProbeSuccess, LastError: ContainerStartupFailure, LastErrorTimestamp: 08/06/2026 07:51:16, LastErrorDetails: Container exited with exit code 3 during startup after 35.2s. Please inspect your container logs for more details., Details: Pinging warmup path to ensure container is ready to receive requests., DetailsLevel: INFO
2026-08-06T07:57:56.3805205+00:00 ContainerStream:    _____                               
2026-08-06T07:57:56.3805818+00:00 ContainerStream:   /  _  \ __________ _________   ____  
2026-08-06T07:57:56.3805857+00:00 ContainerStream:  /  /_\  \\___   /  |  \_  __ \_/ __ \ 
2026-08-06T07:57:56.3805889+00:00 ContainerStream: /    |    \/    /|  |  /|  | \/\  ___/ 
2026-08-06T07:57:56.3805910+00:00 ContainerStream: \____|__  /_____ \____/ |__|    \___  >
2026-08-06T07:57:56.3805932+00:00 ContainerStream:         \/      \/                  \/ 
2026-08-06T07:57:56.3805954+00:00 ContainerStream: A P P   S E R V I C E   O N   L I N U X
2026-08-06T07:57:56.3805973+00:00 ContainerStream: 
2026-08-06T07:57:56.3806225+00:00 ContainerStream: Documentation     : https://aka.ms/webapp-linux
2026-08-06T07:57:56.3806263+00:00 ContainerStream: Python quickstart : https://aka.ms/python-qs
2026-08-06T07:57:56.3806290+00:00 ContainerStream: Python version    : 3.12.13
2026-08-06T07:57:56.3806312+00:00 ContainerStream: Instance name     : lw0sdlwk0000BZ
2026-08-06T07:57:56.3806340+00:00 ContainerStream: Instance id       : 2ddc320b3ce56068eef7d30467cf47281e2049dbabf0cdd575a97ac496677136
2026-08-06T07:57:56.3806460+00:00 ContainerStream: 
2026-08-06T07:57:56.3806485+00:00 ContainerStream: App port          : 8000
2026-08-06T07:57:56.3806507+00:00 ContainerStream: Port selected by  : Default for this image
2026-08-06T07:57:56.3806531+00:00 ContainerStream: (Learn more about the PORT appsetting https://aka.ms/webapp-python-settings)
2026-08-06T07:57:56.3806549+00:00 ContainerStream: 
2026-08-06T07:57:56.3806571+00:00 ContainerStream: Note: Any data outside '/home' is not persisted
2026-08-06T07:57:56.3806590+00:00 ContainerStream: 
2026-08-06T07:57:56.3806631+00:00 ContainerStream: ────────────────────────────────────────────────────────────────
2026-08-06T07:57:56.3806653+00:00 ContainerStream:  Run 'apphelp' for available commands and aliases.
2026-08-06T07:57:56.3806676+00:00 ContainerStream:  Run 'install-nettools' to install networking utilities.
2026-08-06T07:57:56.3806708+00:00 ContainerStream: ────────────────────────────────────────────────────────────────
2026-08-06T07:57:58.8382722+00:00 ContainerStream: Starting OpenBSD Secure Shell server: sshd.
2026-08-06T07:57:58.8679911+00:00 ContainerStream: WEBSITES_INCLUDE_CLOUD_CERTS is not set to true.
2026-08-06T07:57:58.9464103+00:00 ContainerStream: Updating certificates in /etc/ssl/certs...
2026-08-06T07:58:29.1616731+00:00 ContainerStream: rehash: warning: skipping ca-certificates.crt,it does not contain exactly one certificate or CRL
2026-08-06T07:58:29.2109639+00:00 ContainerStream: rehash: warning: skipping duplicate certificate in azl_SSL.com_TLS_RSA_Root_CA_2022.pem
2026-08-06T07:58:29.2398917+00:00 ContainerStream: rehash: warning: skipping duplicate certificate in azl_SSL.com_TLS_ECC_Root_CA_2022.pem
2026-08-06T07:58:29.2891899+00:00 ContainerStream: 4 added, 0 removed; done.
2026-08-06T07:58:29.2902153+00:00 ContainerStream: Running hooks in /etc/ca-certificates/update.d...
2026-08-06T07:58:29.3091023+00:00 ContainerStream: done.
2026-08-06T07:58:29.3382912+00:00 ContainerStream: CA certificates copied and updated successfully.
2026-08-06T07:58:29.4553440+00:00 ContainerStream: Site's appCommandLine: gunicorn --bind=0.0.0.0 app:app
2026-08-06T07:58:30.2586087+00:00 ContainerStream: Starting periodic command scheduler: cron.
2026-08-06T07:58:30.2586653+00:00 ContainerStream: Launching oryx with: create-script -appPath /home/site/wwwroot -output /opt/startup/startup.sh -virtualEnvName antenv -defaultApp /opt/defaultsite -userStartupCommand 'gunicorn --bind=0.0.0.0 app:app'
2026-08-06T07:58:30.6170043+00:00 ContainerStream: Could not find build manifest file at '/home/site/wwwroot/oryx-manifest.toml'
2026-08-06T07:58:30.6187378+00:00 ContainerStream: Could not find operation ID in manifest. Generating an operation id...
2026-08-06T07:58:30.6368520+00:00 ContainerStream: Build Operation ID: b2325d9a-bf02-4e2a-83c7-e50b44ee37fe
2026-08-06T07:58:31.5597894+00:00 ContainerStream: Oryx Version: 0.2.20260710.1, Commit: 079b5b6294eb97d462d8f96bfa3243e9b85251da, ReleaseTagName: 20260710.1
2026-08-06T07:58:31.7158900+00:00 ContainerStream: Writing output script to '/opt/startup/startup.sh'
2026-08-06T07:58:31.9426390+00:00 ContainerStream: WARNING: Could not find virtual environment directory /home/site/wwwroot/antenv.
2026-08-06T07:58:31.9439660+00:00 ContainerStream: WARNING: Could not find package directory /home/site/wwwroot/__oryx_packages__.
2026-08-06T07:58:33.9029900+00:00 ContainerStream: [2026-08-06 07:58:33 +0000] [1871] [INFO] Starting gunicorn 24.1.1
2026-08-06T07:58:33.9112848+00:00 ContainerStream: [2026-08-06 07:58:33 +0000] [1871] [INFO] Listening at: http://0.0.0.0:8000 (1871)
2026-08-06T07:58:33.9117939+00:00 ContainerStream: [2026-08-06 07:58:33 +0000] [1871] [INFO] Using worker: sync
2026-08-06T07:58:33.9527966+00:00 ContainerStream: [2026-08-06 07:58:33 +0000] [1873] [INFO] Booting worker with pid: 1873
2026-08-06T07:58:36.7365516+00:00 ContainerStream: [2026-08-06 07:58:36 +0000] [1873] [ERROR] Exception in worker process
2026-08-06T07:58:36.7366056+00:00 ContainerStream: Traceback (most recent call last):
2026-08-06T07:58:36.7366091+00:00 ContainerStream:   File "/opt/python/3.12.13/lib/python3.12/site-packages/gunicorn/arbiter.py", line 641, in spawn_worker
2026-08-06T07:58:36.7366114+00:00 ContainerStream:     worker.init_process()
2026-08-06T07:58:36.7366140+00:00 ContainerStream:   File "/opt/python/3.12.13/lib/python3.12/site-packages/gunicorn/workers/base.py", line 135, in init_process
2026-08-06T07:58:36.7366161+00:00 ContainerStream:     self.load_wsgi()
2026-08-06T07:58:36.7366187+00:00 ContainerStream:   File "/opt/python/3.12.13/lib/python3.12/site-packages/gunicorn/workers/base.py", line 147, in load_wsgi
2026-08-06T07:58:36.7366208+00:00 ContainerStream:     self.wsgi = self.app.wsgi()
2026-08-06T07:58:36.7366228+00:00 ContainerStream:                 ^^^^^^^^^^^^^^^
2026-08-06T07:58:36.7366254+00:00 ContainerStream:   File "/opt/python/3.12.13/lib/python3.12/site-packages/gunicorn/app/base.py", line 66, in wsgi
2026-08-06T07:58:36.7366274+00:00 ContainerStream:     self.callable = self.load()
2026-08-06T07:58:36.7366294+00:00 ContainerStream:                     ^^^^^^^^^^^
2026-08-06T07:58:36.7366320+00:00 ContainerStream:   File "/opt/python/3.12.13/lib/python3.12/site-packages/gunicorn/app/wsgiapp.py", line 57, in load
2026-08-06T07:58:36.7366373+00:00 ContainerStream:     return self.load_wsgiapp()
2026-08-06T07:58:36.7366508+00:00 ContainerStream:            ^^^^^^^^^^^^^^^^^^^
2026-08-06T07:58:36.7366540+00:00 ContainerStream:   File "/opt/python/3.12.13/lib/python3.12/site-packages/gunicorn/app/wsgiapp.py", line 47, in load_wsgiapp
2026-08-06T07:58:36.7366562+00:00 ContainerStream:     return util.import_app(self.app_uri)
2026-08-06T07:58:36.7366584+00:00 ContainerStream:            ^^^^^^^^^^^^^^^^^^^^^^^^^^^^^
2026-08-06T07:58:36.7366609+00:00 ContainerStream:   File "/opt/python/3.12.13/lib/python3.12/site-packages/gunicorn/util.py", line 366, in import_app
2026-08-06T07:58:36.7366631+00:00 ContainerStream:     mod = importlib.import_module(module)
2026-08-06T07:58:36.7366652+00:00 ContainerStream:           ^^^^^^^^^^^^^^^^^^^^^^^^^^^^^^^
2026-08-06T07:58:36.7366677+00:00 ContainerStream:   File "/opt/python/3.12.13/lib/python3.12/importlib/__init__.py", line 90, in import_module
2026-08-06T07:58:36.7366700+00:00 ContainerStream:     return _bootstrap._gcd_import(name[level:], package, level)
2026-08-06T07:58:36.7366722+00:00 ContainerStream:            ^^^^^^^^^^^^^^^^^^^^^^^^^^^^^^^^^^^^^^^^^^^^^^^^^^^^
2026-08-06T07:58:36.7366745+00:00 ContainerStream:   File "<frozen importlib._bootstrap>", line 1387, in _gcd_import
2026-08-06T07:58:36.7366796+00:00 ContainerStream:   File "<frozen importlib._bootstrap>", line 1360, in _find_and_load
2026-08-06T07:58:36.7366821+00:00 ContainerStream:   File "<frozen importlib._bootstrap>", line 1331, in _find_and_load_unlocked
2026-08-06T07:58:36.7366845+00:00 ContainerStream:   File "<frozen importlib._bootstrap>", line 935, in _load_unlocked
2026-08-06T07:58:36.7366868+00:00 ContainerStream:   File "<frozen importlib._bootstrap_external>", line 999, in exec_module
2026-08-06T07:58:36.7366893+00:00 ContainerStream:   File "<frozen importlib._bootstrap>", line 488, in _call_with_frames_removed
2026-08-06T07:58:36.7366915+00:00 ContainerStream:   File "/home/site/wwwroot/app.py", line 2, in <module>
2026-08-06T07:58:36.7366937+00:00 ContainerStream:     from azure.identity import DefaultAzureCredential
2026-08-06T07:58:36.7366958+00:00 ContainerStream: ModuleNotFoundError: No module named 'azure'
2026-08-06T07:58:36.7454699+00:00 ContainerStream: No module named 'azure'
2026-08-06T07:58:36.7471480+00:00 ContainerStream: [2026-08-06 07:58:36 +0000] [1873] [INFO] Worker exiting (pid: 1873)
2026-08-06T07:58:37.3791340+00:00 ContainerStream: [2026-08-06 07:58:37 +0000] [1871] [ERROR] Worker (pid:1873) exited with code 3.
2026-08-06T07:58:37.3967857+00:00 ContainerStream: [2026-08-06 07:58:37 +0000] [1871] [ERROR] Shutting down: Master
2026-08-06T07:58:37.3968279+00:00 ContainerStream: [2026-08-06 07:58:37 +0000] [1871] [ERROR] Reason: Worker failed to boot.
2026-08-06T07:58:37.7464996+00:00 ContainerStatus: Container has finished running with exit code: 3.
2026-08-06T07:58:37.7466066+00:00 ContainerStatus: Container is terminating. Grace period: 5 seconds.
2026-08-06T07:58:37.7949984+00:00 ContainerStatus: Stop and delete container. Retry count = 0
2026-08-06T07:58:37.8030436+00:00 ContainerStatus: Stopping container: af6dc855274e_webappkrant20260805.
2026-08-06T07:58:37.8918459+00:00 ContainerStatus: Deleting container: af6dc855274e_webappkrant20260805. Retry count = 0
2026-08-06T07:58:38.3540005+00:00 ContainerStatus: Container spec TerminationMessagePolicy  path 
2026-08-06T07:58:38.3643932+00:00 ContainerStatus: Container is terminated. Total time elapsed: 578 ms.
2026-08-06T07:58:38.3645266+00:00 ContainerStatus: Site container: webappkrant20260805 terminated during site startup.
2026-08-06T07:58:38.3646766+00:00 ContainerStatus: State: Stopping, Action: CancellingStartup, LastError: ContainerStartupFailure, LastErrorTimestamp: 08/06/2026 07:51:16, LastErrorDetails: Container exited with exit code 3 during startup after 35.2s. Please inspect your container logs for more details., Details: Site container: webappkrant20260805 terminated during site startup. Cancelling site startup., DetailsLevel: ERR
2026-08-06T07:58:38.4216989+00:00 ContainerStatus: Site startup probe failed after 42.3540179 seconds.
2026-08-06T07:58:38.7313074+00:00 ContainerStatus: State: Stopping, Action: CancellingStartup, LastError: ContainerStartupFailure, LastErrorTimestamp: 08/06/2026 07:58:38, LastErrorDetails: Container exited with exit code 3 during startup after 42.7s. Please inspect your container logs for more details., Details: Site container: webappkrant20260805 terminated during site startup. Cancelling site startup., DetailsLevel: ERR
2026-08-06T07:58:38.7589463+00:00 ContainerStatus: Failed to start site. Revert by stopping site.
2026-08-06T07:58:38.7593557+00:00 ContainerStatus: State: Stopping, Action: StoppingSite, LastError: ContainerStartupFailure, LastErrorTimestamp: 08/06/2026 07:58:38, LastErrorDetails: Container exited with exit code 3 during startup after 42.7s. Please inspect your container logs for more details., Details: Site container: webappkrant20260805 terminated during site startup. Cancelling site startup., DetailsLevel: ERR
2026-08-06T07:58:38.7595494+00:00 ContainerStatus: State: Stopping, Action: StoppingSiteContainers, LastError: ContainerStartupFailure, LastErrorTimestamp: 08/06/2026 07:58:38, LastErrorDetails: Container exited with exit code 3 during startup after 42.7s. Please inspect your container logs for more details., Details: Site container: webappkrant20260805 terminated during site startup. Cancelling site startup., DetailsLevel: ERR
2026-08-06T07:58:39.3615641+00:00 ContainerStatus: Site container: webappkrant20260805_managedIdentity terminated during site startup.
2026-08-06T07:58:39.3681914+00:00 ContainerStatus: State: Stopping, Action: StoppingSiteContainers, LastError: ContainerStartupFailure, LastErrorTimestamp: 08/06/2026 07:58:38, LastErrorDetails: Container exited with exit code 3 during startup after 42.7s. Please inspect your container logs for more details., Details: Site container: webappkrant20260805 terminated during site startup. Cancelling site startup., DetailsLevel: ERR
2026-08-06T07:58:39.3688568+00:00 ContainerStatus: Site: webappkrant20260805 stopped.
========== New Cold Start Attempt (2026-08-06T08:03:32.9610754+00:00) ==========
2026-08-06T08:03:32.9610754+00:00 ContainerStatus: Site is running with deployment version: d4d8f8f1-e268-4793-9ff7-2f560e86fc36
2026-08-06T08:03:32.9616460+00:00 ContainerStatus: Site started.
2026-08-06T08:03:32.9618375+00:00 ContainerStatus: State: Started, Action: None, LastError: ContainerStartupFailure, LastErrorTimestamp: 08/06/2026 07:58:38, LastErrorDetails: Container exited with exit code 3 during startup after 42.7s. Please inspect your container logs for more details., Details: Site started at 08/06/2026 08:03:32 (UTC), DetailsLevel: INFO
2026-08-06T08:03:33.0117864+00:00 ContainerStatus: Site is running with patch version PYTHON-3.12.13
2026-08-06T08:23:17.8073192+00:00 ContainerStatus: State: Starting, Action: EstablishingSiteNetworks, LastError: , LastErrorTimestamp: 01/01/0001 00:00:00, LastErrorDetails: , Details: , DetailsLevel: INFO
2026-08-06T08:23:25.0122543+00:00 ContainerStatus: State: Starting, Action: StartingMsiContainer, LastError: , LastErrorTimestamp: 01/01/0001 00:00:00, LastErrorDetails: , Details: , DetailsLevel: INFO
2026-08-06T08:23:55.0314808+00:00 ContainerStatus: State: Starting, Action: StartingSiteContainers, LastError: , LastErrorTimestamp: 01/01/0001 00:00:00, LastErrorDetails: , Details: , DetailsLevel: INFO
2026-08-06T08:23:55.0330445+00:00 ContainerStatus: Container start method called.
2026-08-06T08:23:55.0400933+00:00 ContainerStatus: State: Starting, Action: PullingImage, LastError: , LastErrorTimestamp: 01/01/0001 00:00:00, LastErrorDetails: , Details: Pulling image 10.1.0.4:13209/appsvc/python:3.12_20260710.8.tuxprod for webappkrant20260805., DetailsLevel: INFO
2026-08-06T08:23:55.0402470+00:00 ContainerStatus: Establishing network.
2026-08-06T08:23:55.0403763+00:00 ContainerStatus: Pulling image: appsvc/python:3.12_20260710.8.tuxprod.
2026-08-06T08:23:56.0867207+00:00 ContainerStatus: Image appsvc/python:3.12_20260710.8.tuxprod is pulled from registry 10.1.0.4:13209
2026-08-06T08:23:56.0868226+00:00 ContainerStatus: Container is starting.
2026-08-06T08:23:56.0869102+00:00 ContainerStatus: State: Starting, Action: MountingVolumes, LastError: , LastErrorTimestamp: 01/01/0001 00:00:00, LastErrorDetails: , Details: Mounting volumes for webappkrant20260805., DetailsLevel: INFO
2026-08-06T08:23:56.0869657+00:00 ContainerStatus: Establishing user namespace if not established already.
2026-08-06T08:23:56.0870268+00:00 ContainerStatus: Establishing network if not established already.
2026-08-06T08:23:56.0871178+00:00 ContainerStatus: Mounting volumes.
2026-08-06T08:23:56.0872130+00:00 ContainerStatus: Nested mountpoint 
2026-08-06T08:23:56.3142620+00:00 ContainerStatus: Nested mountpoint volatile/logs
2026-08-06T08:23:56.4297333+00:00 ContainerStatus: Nested mountpoint 
2026-08-06T08:23:56.7357928+00:00 ContainerStatus: Nested mountpoint 
2026-08-06T08:23:56.9889962+00:00 ContainerStatus: Nested mountpoint 
2026-08-06T08:23:57.1569735+00:00 ContainerStatus: Nested mountpoint 
2026-08-06T08:23:58.4888606+00:00 ContainerStatus: State: Starting, Action: CreatingContainer, LastError: , LastErrorTimestamp: 01/01/0001 00:00:00, LastErrorDetails: , Details: Finished pulling container image and mounting volumes for webappkrant20260805. Allocatinng the rest of the container resources to finish container creation., DetailsLevel: INFO
2026-08-06T08:23:58.4889509+00:00 ContainerStatus: Creating container.
2026-08-06T08:23:58.4890208+00:00 ContainerStatus: Creating pipes for streaming container io.
2026-08-06T08:23:58.4890803+00:00 ContainerStatus: Creating stdout named pipe at /podr/container/pipe/cb9eb32eda4a_webappkrant20260805/stdout_8aeaa681e8f341f7bd8d80be00f050c7.
2026-08-06T08:23:58.4892615+00:00 ContainerStatus: Successfully created stdout named pipe at: /podr/container/pipe/cb9eb32eda4a_webappkrant20260805/stdout_8aeaa681e8f341f7bd8d80be00f050c7.
2026-08-06T08:23:58.4893223+00:00 ContainerStatus: Opening named pipe /podr/container/pipe/cb9eb32eda4a_webappkrant20260805/stdout_8aeaa681e8f341f7bd8d80be00f050c7 for reading in non-blocking mode.
2026-08-06T08:23:58.4893946+00:00 ContainerStatus: Successfully opened named pipe: /podr/container/pipe/cb9eb32eda4a_webappkrant20260805/stdout_8aeaa681e8f341f7bd8d80be00f050c7.
2026-08-06T08:23:58.4894877+00:00 ContainerStatus: Successfully removed non-blocking flag from /podr/container/pipe/cb9eb32eda4a_webappkrant20260805/stdout_8aeaa681e8f341f7bd8d80be00f050c7.
2026-08-06T08:23:58.5087981+00:00 ContainerStatus: Creating stderr named pipe at /podr/container/pipe/cb9eb32eda4a_webappkrant20260805/stderr_f8dba6fc166e4751996ae2db49aa823c.
2026-08-06T08:23:58.5090419+00:00 ContainerStatus: Successfully created stderr named pipe at: /podr/container/pipe/cb9eb32eda4a_webappkrant20260805/stderr_f8dba6fc166e4751996ae2db49aa823c.
2026-08-06T08:23:58.5091088+00:00 ContainerStatus: Opening named pipe /podr/container/pipe/cb9eb32eda4a_webappkrant20260805/stderr_f8dba6fc166e4751996ae2db49aa823c for reading in non-blocking mode.
2026-08-06T08:23:58.5091886+00:00 ContainerStatus: Successfully opened named pipe: /podr/container/pipe/cb9eb32eda4a_webappkrant20260805/stderr_f8dba6fc166e4751996ae2db49aa823c.
2026-08-06T08:23:58.5092437+00:00 ContainerStatus: Successfully removed non-blocking flag from /podr/container/pipe/cb9eb32eda4a_webappkrant20260805/stderr_f8dba6fc166e4751996ae2db49aa823c.
2026-08-06T08:23:58.5590366+00:00 ContainerStatus: Creating container with image: appsvc/python:3.12_20260710.8.tuxprod from registry: 10.1.0.4:13209 and fully qualified image name: 10.1.0.4:13209/appsvc/python:3.12_20260710.8.tuxprod
2026-08-06T08:24:00.2648409+00:00 ContainerStatus: Starting container: cb9eb32eda4a_webappkrant20260805.
2026-08-06T08:24:00.4964596+00:00 ContainerStatus: Starting watchers and probes.
2026-08-06T08:24:00.4968611+00:00 ContainerStatus: Starting metrics collection.
2026-08-06T08:24:00.5051246+00:00 ContainerStatus: Container is running.
2026-08-06T08:24:00.5143847+00:00 ContainerStatus: State: Starting, Action: CreatingContainer, LastError: , LastErrorTimestamp: 01/01/0001 00:00:00, LastErrorDetails: , Details: Container webappkrant20260805 successfully created and is running., DetailsLevel: INFO
2026-08-06T08:24:00.7348425+00:00 ContainerStatus: Container start method finished after 5668 ms.
2026-08-06T08:24:00.8320991+00:00 ContainerStatus: State: Starting, Action: InitiatingSiteWarmUpProbe, LastError: , LastErrorTimestamp: 01/01/0001 00:00:00, LastErrorDetails: , Details: Container webappkrant20260805 successfully created and is running., DetailsLevel: INFO
2026-08-06T08:24:00.8330208+00:00 ContainerStatus: State: Starting, Action: WaitingForSiteWarmUpProbeSuccess, LastError: , LastErrorTimestamp: 01/01/0001 00:00:00, LastErrorDetails: , Details: Pinging warmup path to ensure container is ready to receive requests., DetailsLevel: INFO
2026-08-06T08:24:02.7636071+00:00 ContainerStream:    _____                               
2026-08-06T08:24:02.7818751+00:00 ContainerStream:   /  _  \ __________ _________   ____  
2026-08-06T08:24:02.7819344+00:00 ContainerStream:  /  /_\  \\___   /  |  \_  __ \_/ __ \ 
2026-08-06T08:24:02.7819376+00:00 ContainerStream: /    |    \/    /|  |  /|  | \/\  ___/ 
2026-08-06T08:24:02.7819400+00:00 ContainerStream: \____|__  /_____ \____/ |__|    \___  >
2026-08-06T08:24:02.7819423+00:00 ContainerStream:         \/      \/                  \/ 
2026-08-06T08:24:02.7819710+00:00 ContainerStream: A P P   S E R V I C E   O N   L I N U X
2026-08-06T08:24:02.7819908+00:00 ContainerStream: 
2026-08-06T08:24:02.7819944+00:00 ContainerStream: Documentation     : https://aka.ms/webapp-linux
2026-08-06T08:24:02.7819971+00:00 ContainerStream: Python quickstart : https://aka.ms/python-qs
2026-08-06T08:24:02.7820000+00:00 ContainerStream: Python version    : 3.12.13
2026-08-06T08:24:02.7820025+00:00 ContainerStream: Instance name     : lw0sdlwk0000BZ
2026-08-06T08:24:02.7820062+00:00 ContainerStream: Instance id       : 2ddc320b3ce56068eef7d30467cf47281e2049dbabf0cdd575a97ac496677136
2026-08-06T08:24:02.7820110+00:00 ContainerStream: 
2026-08-06T08:24:02.7820136+00:00 ContainerStream: App port          : 8000
2026-08-06T08:24:02.7820160+00:00 ContainerStream: Port selected by  : Default for this image
2026-08-06T08:24:02.7820189+00:00 ContainerStream: (Learn more about the PORT appsetting https://aka.ms/webapp-python-settings)
2026-08-06T08:24:02.7820211+00:00 ContainerStream: 
2026-08-06T08:24:02.7820240+00:00 ContainerStream: Note: Any data outside '/home' is not persisted
2026-08-06T08:24:02.7820261+00:00 ContainerStream: 
2026-08-06T08:24:02.7820340+00:00 ContainerStream: ────────────────────────────────────────────────────────────────
2026-08-06T08:24:02.7820375+00:00 ContainerStream:  Run 'apphelp' for available commands and aliases.
2026-08-06T08:24:02.7820402+00:00 ContainerStream:  Run 'install-nettools' to install networking utilities.
2026-08-06T08:24:02.7820440+00:00 ContainerStream: ────────────────────────────────────────────────────────────────
2026-08-06T08:24:12.0754716+00:00 ContainerStream: Starting OpenBSD Secure Shell server: sshd.
2026-08-06T08:24:12.1738487+00:00 ContainerStream: WEBSITES_INCLUDE_CLOUD_CERTS is not set to true.
2026-08-06T08:24:12.4785340+00:00 ContainerStream: Updating certificates in /etc/ssl/certs...
2026-08-06T08:24:53.4241217+00:00 ContainerStream: rehash: warning: skipping ca-certificates.crt,it does not contain exactly one certificate or CRL
2026-08-06T08:24:53.6080737+00:00 ContainerStream: rehash: warning: skipping duplicate certificate in azl_SSL.com_TLS_RSA_Root_CA_2022.pem
2026-08-06T08:24:53.6691327+00:00 ContainerStream: rehash: warning: skipping duplicate certificate in azl_SSL.com_TLS_ECC_Root_CA_2022.pem
2026-08-06T08:24:53.7463487+00:00 ContainerStream: 4 added, 0 removed; done.
2026-08-06T08:24:53.7549648+00:00 ContainerStream: Running hooks in /etc/ca-certificates/update.d...
2026-08-06T08:24:53.7746433+00:00 ContainerStream: done.
2026-08-06T08:24:53.8046059+00:00 ContainerStream: CA certificates copied and updated successfully.
2026-08-06T08:24:54.1117466+00:00 ContainerStream: Site's appCommandLine: gunicorn --bind=0.0.0.0:8000 app.app:app
2026-08-06T08:24:55.3910878+00:00 ContainerStream: Starting periodic command scheduler: cron.
2026-08-06T08:24:55.3928997+00:00 ContainerStream: Launching oryx with: create-script -appPath /home/site/wwwroot -output /opt/startup/startup.sh -virtualEnvName antenv -defaultApp /opt/defaultsite -userStartupCommand 'gunicorn --bind=0.0.0.0:8000 app.app:app'
2026-08-06T08:24:55.6348543+00:00 ContainerStream: Could not find build manifest file at '/home/site/wwwroot/oryx-manifest.toml'
2026-08-06T08:24:55.6352843+00:00 ContainerStream: Could not find operation ID in manifest. Generating an operation id...
2026-08-06T08:24:55.6430873+00:00 ContainerStream: Build Operation ID: 79e433b6-fae5-4155-a44b-b1e03980a09f
2026-08-06T08:24:56.7578373+00:00 ContainerStream: Oryx Version: 0.2.20260710.1, Commit: 079b5b6294eb97d462d8f96bfa3243e9b85251da, ReleaseTagName: 20260710.1
2026-08-06T08:24:56.9188167+00:00 ContainerStream: Writing output script to '/opt/startup/startup.sh'
2026-08-06T08:24:57.3387002+00:00 ContainerStream: WARNING: Could not find virtual environment directory /home/site/wwwroot/antenv.
2026-08-06T08:24:57.3399020+00:00 ContainerStream: WARNING: Could not find package directory /home/site/wwwroot/__oryx_packages__.
2026-08-06T08:24:59.3759526+00:00 ContainerStream: [2026-08-06 08:24:59 +0000] [1871] [INFO] Starting gunicorn 24.1.1
2026-08-06T08:24:59.3858239+00:00 ContainerStream: [2026-08-06 08:24:59 +0000] [1871] [INFO] Listening at: http://0.0.0.0:8000 (1871)
2026-08-06T08:24:59.3940914+00:00 ContainerStream: [2026-08-06 08:24:59 +0000] [1871] [INFO] Using worker: sync
2026-08-06T08:24:59.4333055+00:00 ContainerStream: [2026-08-06 08:24:59 +0000] [1873] [INFO] Booting worker with pid: 1873
2026-08-06T08:25:00.9853389+00:00 ContainerStream: [2026-08-06 08:25:00 +0000] [1873] [ERROR] Exception in worker process
2026-08-06T08:25:00.9854009+00:00 ContainerStream: Traceback (most recent call last):
2026-08-06T08:25:00.9854058+00:00 ContainerStream:   File "/opt/python/3.12.13/lib/python3.12/site-packages/gunicorn/arbiter.py", line 641, in spawn_worker
2026-08-06T08:25:00.9854085+00:00 ContainerStream:     worker.init_process()
2026-08-06T08:25:00.9854126+00:00 ContainerStream:   File "/opt/python/3.12.13/lib/python3.12/site-packages/gunicorn/workers/base.py", line 135, in init_process
2026-08-06T08:25:00.9854253+00:00 ContainerStream:     self.load_wsgi()
2026-08-06T08:25:00.9854287+00:00 ContainerStream:   File "/opt/python/3.12.13/lib/python3.12/site-packages/gunicorn/workers/base.py", line 147, in load_wsgi
2026-08-06T08:25:00.9854316+00:00 ContainerStream:     self.wsgi = self.app.wsgi()
2026-08-06T08:25:00.9854341+00:00 ContainerStream:                 ^^^^^^^^^^^^^^^
2026-08-06T08:25:00.9854371+00:00 ContainerStream:   File "/opt/python/3.12.13/lib/python3.12/site-packages/gunicorn/app/base.py", line 66, in wsgi
2026-08-06T08:25:00.9854396+00:00 ContainerStream:     self.callable = self.load()
2026-08-06T08:25:00.9854420+00:00 ContainerStream:                     ^^^^^^^^^^^
2026-08-06T08:25:00.9854474+00:00 ContainerStream:   File "/opt/python/3.12.13/lib/python3.12/site-packages/gunicorn/app/wsgiapp.py", line 57, in load
2026-08-06T08:25:00.9854500+00:00 ContainerStream:     return self.load_wsgiapp()
2026-08-06T08:25:00.9854526+00:00 ContainerStream:            ^^^^^^^^^^^^^^^^^^^
2026-08-06T08:25:00.9854557+00:00 ContainerStream:   File "/opt/python/3.12.13/lib/python3.12/site-packages/gunicorn/app/wsgiapp.py", line 47, in load_wsgiapp
2026-08-06T08:25:00.9854583+00:00 ContainerStream:     return util.import_app(self.app_uri)
2026-08-06T08:25:00.9854609+00:00 ContainerStream:            ^^^^^^^^^^^^^^^^^^^^^^^^^^^^^
2026-08-06T08:25:00.9854639+00:00 ContainerStream:   File "/opt/python/3.12.13/lib/python3.12/site-packages/gunicorn/util.py", line 366, in import_app
2026-08-06T08:25:00.9903132+00:00 ContainerStream:     mod = importlib.import_module(module)
2026-08-06T08:25:00.9903464+00:00 ContainerStream:           ^^^^^^^^^^^^^^^^^^^^^^^^^^^^^^^
2026-08-06T08:25:00.9903498+00:00 ContainerStream:   File "/opt/python/3.12.13/lib/python3.12/importlib/__init__.py", line 90, in import_module
2026-08-06T08:25:00.9903529+00:00 ContainerStream:     return _bootstrap._gcd_import(name[level:], package, level)
2026-08-06T08:25:00.9903557+00:00 ContainerStream:            ^^^^^^^^^^^^^^^^^^^^^^^^^^^^^^^^^^^^^^^^^^^^^^^^^^^^
2026-08-06T08:25:00.9903583+00:00 ContainerStream:   File "<frozen importlib._bootstrap>", line 1387, in _gcd_import
2026-08-06T08:25:00.9903612+00:00 ContainerStream:   File "<frozen importlib._bootstrap>", line 1360, in _find_and_load
2026-08-06T08:25:00.9903695+00:00 ContainerStream:   File "<frozen importlib._bootstrap>", line 1319, in _find_and_load_unlocked
2026-08-06T08:25:00.9903724+00:00 ContainerStream: ModuleNotFoundError: No module named 'app.app'; 'app' is not a package
2026-08-06T08:25:00.9908508+00:00 ContainerStream: No module named 'app.app'; 'app' is not a package
2026-08-06T08:25:00.9915272+00:00 ContainerStream: [2026-08-06 08:25:00 +0000] [1873] [INFO] Worker exiting (pid: 1873)
2026-08-06T08:25:03.6968941+00:00 ContainerStream: [2026-08-06 08:25:03 +0000] [1871] [ERROR] Worker (pid:1873) exited with code 3.
2026-08-06T08:25:03.7155730+00:00 ContainerStream: [2026-08-06 08:25:03 +0000] [1871] [ERROR] Shutting down: Master
2026-08-06T08:25:03.7237485+00:00 ContainerStream: [2026-08-06 08:25:03 +0000] [1871] [ERROR] Reason: Worker failed to boot.
2026-08-06T08:25:04.1685677+00:00 ContainerStatus: Container has finished running with exit code: 3.
2026-08-06T08:25:04.1765653+00:00 ContainerStatus: Container is terminating. Grace period: 5 seconds.
2026-08-06T08:25:04.1952945+00:00 ContainerStatus: Stop and delete container. Retry count = 0
2026-08-06T08:25:04.1969059+00:00 ContainerStatus: Stopping container: cb9eb32eda4a_webappkrant20260805.
2026-08-06T08:25:04.3224905+00:00 ContainerStatus: Deleting container: cb9eb32eda4a_webappkrant20260805. Retry count = 0
2026-08-06T08:25:04.7503555+00:00 ContainerStatus: Container spec TerminationMessagePolicy  path 
2026-08-06T08:25:04.7739298+00:00 ContainerStatus: Container is terminated. Total time elapsed: 584 ms.
2026-08-06T08:25:04.7749276+00:00 ContainerStatus: Site container: webappkrant20260805 terminated during site startup.
2026-08-06T08:25:04.7976279+00:00 ContainerStatus: State: Stopping, Action: CancellingStartup, LastError: , LastErrorTimestamp: 01/01/0001 00:00:00, LastErrorDetails: , Details: Site container: webappkrant20260805 terminated during site startup. Cancelling site startup., DetailsLevel: ERR
2026-08-06T08:25:04.9337853+00:00 ContainerStatus: Site startup probe failed after 64.0104038 seconds.
2026-08-06T08:25:05.4041368+00:00 ContainerStatus: State: Stopping, Action: CancellingStartup, LastError: ContainerStartupFailure, LastErrorTimestamp: 08/06/2026 08:25:05, LastErrorDetails: Container exited with exit code 3 during startup after 64.3s. Please inspect your container logs for more details., Details: Site container: webappkrant20260805 terminated during site startup. Cancelling site startup., DetailsLevel: ERR
2026-08-06T08:25:05.4561393+00:00 ContainerStatus: Failed to start site. Revert by stopping site.
2026-08-06T08:25:05.4755236+00:00 ContainerStatus: State: Stopping, Action: StoppingSite, LastError: ContainerStartupFailure, LastErrorTimestamp: 08/06/2026 08:25:05, LastErrorDetails: Container exited with exit code 3 during startup after 64.3s. Please inspect your container logs for more details., Details: Site container: webappkrant20260805 terminated during site startup. Cancelling site startup., DetailsLevel: ERR
2026-08-06T08:25:05.4786076+00:00 ContainerStatus: State: Stopping, Action: StoppingSiteContainers, LastError: ContainerStartupFailure, LastErrorTimestamp: 08/06/2026 08:25:05, LastErrorDetails: Container exited with exit code 3 during startup after 64.3s. Please inspect your container logs for more details., Details: Site container: webappkrant20260805 terminated during site startup. Cancelling site startup., DetailsLevel: ERR
2026-08-06T08:25:06.2265543+00:00 ContainerStatus: Site container: webappkrant20260805_managedIdentity terminated during site startup.
2026-08-06T08:25:06.2272187+00:00 ContainerStatus: State: Stopping, Action: StoppingSiteContainers, LastError: ContainerStartupFailure, LastErrorTimestamp: 08/06/2026 08:25:05, LastErrorDetails: Container exited with exit code 3 during startup after 64.3s. Please inspect your container logs for more details., Details: Site container: webappkrant20260805 terminated during site startup. Cancelling site startup., DetailsLevel: ERR
2026-08-06T08:25:06.2277154+00:00 ContainerStatus: Site: webappkrant20260805 stopped.
========== New Cold Start Attempt (2026-08-06T08:25:06.2578342+00:00) ==========
2026-08-06T08:25:06.2578342+00:00 ContainerStatus: State: Stopping, Action: UnmountingVolumes, LastError: ContainerStartupFailure, LastErrorTimestamp: 08/06/2026 08:25:05, LastErrorDetails: Container exited with exit code 3 during startup after 64.3s. Please inspect your container logs for more details., Details: Site container: webappkrant20260805 terminated during site startup. Cancelling site startup., DetailsLevel: ERR
2026-08-06T08:25:07.9064400+00:00 ContainerStatus: State: Stopping, Action: StoppingSiteNetworks, LastError: ContainerStartupFailure, LastErrorTimestamp: 08/06/2026 08:25:05, LastErrorDetails: Container exited with exit code 3 during startup after 64.3s. Please inspect your container logs for more details., Details: Site container: webappkrant20260805 terminated during site startup. Cancelling site startup., DetailsLevel: ERR
2026-08-06T08:25:08.9636029+00:00 ContainerStatus: State: Stopped, Action: None, LastError: ContainerStartupFailure, LastErrorTimestamp: 08/06/2026 08:25:05, LastErrorDetails: Container exited with exit code 3 during startup after 64.3s. Please inspect your container logs for more details., Details: Site stopped at 08/06/2026 08:25:08 (UTC), DetailsLevel: ERR
2026-08-06T08:25:09.9538452+00:00 ContainerStatus: State: Stopped, Action: None, LastError: ContainerStartupFailure, LastErrorTimestamp: 08/06/2026 08:25:05, LastErrorDetails: Container exited with exit code 3 during startup after 64.3s. Please inspect your container logs for more details., Details: Site stopped at 08/06/2026 08:25:08 (UTC), DetailsLevel: ERR
2026-08-06T08:25:30.3446183+00:00 ContainerStatus: State: Stopping, Action: StoppingSiteContainers, LastError: ContainerStartupFailure, LastErrorTimestamp: 08/06/2026 07:58:38, LastErrorDetails: Container exited with exit code 3 during startup after 42.7s. Please inspect your container logs for more details., Details: Site started at 08/06/2026 08:03:32 (UTC), DetailsLevel: INFO
2026-08-06T08:25:30.3485984+00:00 ContainerStatus: Container is terminating. Grace period: 5 seconds.
2026-08-06T08:25:30.3692185+00:00 ContainerStatus: Stop and delete container. Retry count = 0
2026-08-06T08:25:30.3693117+00:00 ContainerStatus: Stopping container: 694ed79ff1df_webappkrant20260805.
2026-08-06T08:25:35.5443487+00:00 ContainerStatus: Deleting container: 694ed79ff1df_webappkrant20260805. Retry count = 0
2026-08-06T08:25:36.0226553+00:00 ContainerStatus: Container spec TerminationMessagePolicy  path 
2026-08-06T08:25:36.0290398+00:00 ContainerStatus: Container is terminated. Total time elapsed: 5674 ms.
2026-08-06T08:25:36.6644075+00:00 ContainerStatus: Site: webappkrant20260805 stopped.
2026-08-06T08:25:41.4358650+00:00 ContainerStatus: State: Starting, Action: EstablishingSiteNetworks, LastError: ContainerStartupFailure, LastErrorTimestamp: 08/06/2026 08:25:05, LastErrorDetails: Container exited with exit code 3 during startup after 64.3s. Please inspect your container logs for more details., Details: Site stopped at 08/06/2026 08:25:08 (UTC), DetailsLevel: ERR
2026-08-06T08:25:44.7720349+00:00 ContainerStatus: State: Starting, Action: StartingMsiContainer, LastError: ContainerStartupFailure, LastErrorTimestamp: 08/06/2026 08:25:05, LastErrorDetails: Container exited with exit code 3 during startup after 64.3s. Please inspect your container logs for more details., Details: Site stopped at 08/06/2026 08:25:08 (UTC), DetailsLevel: ERR
2026-08-06T08:26:05.8045543+00:00 ContainerStatus: State: Starting, Action: StartingSiteContainers, LastError: ContainerStartupFailure, LastErrorTimestamp: 08/06/2026 08:25:05, LastErrorDetails: Container exited with exit code 3 during startup after 64.3s. Please inspect your container logs for more details., Details: Site stopped at 08/06/2026 08:25:08 (UTC), DetailsLevel: ERR
2026-08-06T08:26:05.8047320+00:00 ContainerStatus: Container start method called.
2026-08-06T08:26:05.8047826+00:00 ContainerStatus: State: Starting, Action: PullingImage, LastError: ContainerStartupFailure, LastErrorTimestamp: 08/06/2026 08:25:05, LastErrorDetails: Container exited with exit code 3 during startup after 64.3s. Please inspect your container logs for more details., Details: Pulling image 10.1.0.4:13209/appsvc/python:3.12_20260710.8.tuxprod for webappkrant20260805., DetailsLevel: INFO
2026-08-06T08:26:05.8219697+00:00 ContainerStatus: Establishing network.
2026-08-06T08:26:05.8517626+00:00 ContainerStatus: Pulling image: appsvc/python:3.12_20260710.8.tuxprod.
2026-08-06T08:26:06.2056645+00:00 ContainerStatus: Container is starting.
2026-08-06T08:26:06.2058263+00:00 ContainerStatus: State: Starting, Action: MountingVolumes, LastError: ContainerStartupFailure, LastErrorTimestamp: 08/06/2026 08:25:05, LastErrorDetails: Container exited with exit code 3 during startup after 64.3s. Please inspect your container logs for more details., Details: Mounting volumes for webappkrant20260805., DetailsLevel: INFO
2026-08-06T08:26:06.2058866+00:00 ContainerStatus: Establishing user namespace if not established already.
2026-08-06T08:26:06.2059654+00:00 ContainerStatus: Establishing network if not established already.
2026-08-06T08:26:06.2060544+00:00 ContainerStatus: Mounting volumes.
2026-08-06T08:26:06.2068178+00:00 ContainerStatus: Nested mountpoint 
2026-08-06T08:26:06.2351861+00:00 ContainerStatus: Nested mountpoint volatile/logs
2026-08-06T08:26:06.3939141+00:00 ContainerStatus: Nested mountpoint 
2026-08-06T08:26:06.4030859+00:00 ContainerStatus: Nested mountpoint 
2026-08-06T08:26:06.4247249+00:00 ContainerStatus: Nested mountpoint 
2026-08-06T08:26:06.5319789+00:00 ContainerStatus: Nested mountpoint 
2026-08-06T08:26:07.3896315+00:00 ContainerStatus: State: Starting, Action: CreatingContainer, LastError: ContainerStartupFailure, LastErrorTimestamp: 08/06/2026 08:25:05, LastErrorDetails: Container exited with exit code 3 during startup after 64.3s. Please inspect your container logs for more details., Details: Finished pulling container image and mounting volumes for webappkrant20260805. Allocatinng the rest of the container resources to finish container creation., DetailsLevel: INFO
2026-08-06T08:26:07.3897619+00:00 ContainerStatus: Creating container.
2026-08-06T08:26:07.3898658+00:00 ContainerStatus: Creating pipes for streaming container io.
2026-08-06T08:26:07.3970439+00:00 ContainerStatus: Creating stdout named pipe at /podr/container/pipe/25f03c48bc61_webappkrant20260805/stdout_8920c58032c6417a8201eb6bfc6d79e0.
2026-08-06T08:26:07.3973105+00:00 ContainerStatus: Successfully created stdout named pipe at: /podr/container/pipe/25f03c48bc61_webappkrant20260805/stdout_8920c58032c6417a8201eb6bfc6d79e0.
2026-08-06T08:26:07.4001617+00:00 ContainerStatus: Opening named pipe /podr/container/pipe/25f03c48bc61_webappkrant20260805/stdout_8920c58032c6417a8201eb6bfc6d79e0 for reading in non-blocking mode.
2026-08-06T08:26:07.4193670+00:00 ContainerStatus: Successfully opened named pipe: /podr/container/pipe/25f03c48bc61_webappkrant20260805/stdout_8920c58032c6417a8201eb6bfc6d79e0.
2026-08-06T08:26:07.4293611+00:00 ContainerStatus: Successfully removed non-blocking flag from /podr/container/pipe/25f03c48bc61_webappkrant20260805/stdout_8920c58032c6417a8201eb6bfc6d79e0.
2026-08-06T08:26:07.4295759+00:00 ContainerStatus: Creating stderr named pipe at /podr/container/pipe/25f03c48bc61_webappkrant20260805/stderr_19c2139f8a9a435b8832ebab106241c4.
2026-08-06T08:26:07.4297743+00:00 ContainerStatus: Successfully created stderr named pipe at: /podr/container/pipe/25f03c48bc61_webappkrant20260805/stderr_19c2139f8a9a435b8832ebab106241c4.
2026-08-06T08:26:07.4365195+00:00 ContainerStatus: Opening named pipe /podr/container/pipe/25f03c48bc61_webappkrant20260805/stderr_19c2139f8a9a435b8832ebab106241c4 for reading in non-blocking mode.
2026-08-06T08:26:07.4367314+00:00 ContainerStatus: Successfully opened named pipe: /podr/container/pipe/25f03c48bc61_webappkrant20260805/stderr_19c2139f8a9a435b8832ebab106241c4.
2026-08-06T08:26:07.4368400+00:00 ContainerStatus: Successfully removed non-blocking flag from /podr/container/pipe/25f03c48bc61_webappkrant20260805/stderr_19c2139f8a9a435b8832ebab106241c4.
2026-08-06T08:26:07.4388811+00:00 ContainerStatus: Creating container with image: appsvc/python:3.12_20260710.8.tuxprod from registry: 10.1.0.4:13209 and fully qualified image name: 10.1.0.4:13209/appsvc/python:3.12_20260710.8.tuxprod
2026-08-06T08:26:08.6189987+00:00 ContainerStatus: Starting container: 25f03c48bc61_webappkrant20260805.
2026-08-06T08:26:08.7241401+00:00 ContainerStatus: Starting watchers and probes.
2026-08-06T08:26:08.7305320+00:00 ContainerStatus: Starting metrics collection.
2026-08-06T08:26:08.7310559+00:00 ContainerStatus: Container is running.
2026-08-06T08:26:08.7328251+00:00 ContainerStatus: State: Starting, Action: CreatingContainer, LastError: ContainerStartupFailure, LastErrorTimestamp: 08/06/2026 08:25:05, LastErrorDetails: Container exited with exit code 3 during startup after 64.3s. Please inspect your container logs for more details., Details: Container webappkrant20260805 successfully created and is running., DetailsLevel: INFO
2026-08-06T08:26:08.9025673+00:00 ContainerStatus: Container start method finished after 3097 ms.
2026-08-06T08:26:08.9028341+00:00 ContainerStatus: State: Starting, Action: InitiatingSiteWarmUpProbe, LastError: ContainerStartupFailure, LastErrorTimestamp: 08/06/2026 08:25:05, LastErrorDetails: Container exited with exit code 3 during startup after 64.3s. Please inspect your container logs for more details., Details: Container webappkrant20260805 successfully created and is running., DetailsLevel: INFO
2026-08-06T08:26:08.9029042+00:00 ContainerStatus: State: Starting, Action: WaitingForSiteWarmUpProbeSuccess, LastError: ContainerStartupFailure, LastErrorTimestamp: 08/06/2026 08:25:05, LastErrorDetails: Container exited with exit code 3 during startup after 64.3s. Please inspect your container logs for more details., Details: Pinging warmup path to ensure container is ready to receive requests., DetailsLevel: INFO
2026-08-06T08:26:09.6665309+00:00 ContainerStream:    _____                               
2026-08-06T08:26:09.6666101+00:00 ContainerStream:   /  _  \ __________ _________   ____  
2026-08-06T08:26:09.6666130+00:00 ContainerStream:  /  /_\  \\___   /  |  \_  __ \_/ __ \ 
2026-08-06T08:26:09.6666150+00:00 ContainerStream: /    |    \/    /|  |  /|  | \/\  ___/ 
2026-08-06T08:26:09.6666171+00:00 ContainerStream: \____|__  /_____ \____/ |__|    \___  >
2026-08-06T08:26:09.6666191+00:00 ContainerStream:         \/      \/                  \/ 
2026-08-06T08:26:09.6666211+00:00 ContainerStream: A P P   S E R V I C E   O N   L I N U X
2026-08-06T08:26:09.6666230+00:00 ContainerStream: 
2026-08-06T08:26:09.6666252+00:00 ContainerStream: Documentation     : https://aka.ms/webapp-linux
2026-08-06T08:26:09.6666273+00:00 ContainerStream: Python quickstart : https://aka.ms/python-qs
2026-08-06T08:26:09.6666294+00:00 ContainerStream: Python version    : 3.12.13
2026-08-06T08:26:09.6666314+00:00 ContainerStream: Instance name     : lw0sdlwk0000BZ
2026-08-06T08:26:09.6666339+00:00 ContainerStream: Instance id       : 2ddc320b3ce56068eef7d30467cf47281e2049dbabf0cdd575a97ac496677136
2026-08-06T08:26:09.6666381+00:00 ContainerStream: 
2026-08-06T08:26:09.6666401+00:00 ContainerStream: App port          : 8000
2026-08-06T08:26:09.6666422+00:00 ContainerStream: Port selected by  : Default for this image
2026-08-06T08:26:09.6666445+00:00 ContainerStream: (Learn more about the PORT appsetting https://aka.ms/webapp-python-settings)
2026-08-06T08:26:09.6666462+00:00 ContainerStream: 
2026-08-06T08:26:09.6666484+00:00 ContainerStream: Note: Any data outside '/home' is not persisted
2026-08-06T08:26:09.6666501+00:00 ContainerStream: 
2026-08-06T08:26:09.6666542+00:00 ContainerStream: ────────────────────────────────────────────────────────────────
2026-08-06T08:26:09.6666565+00:00 ContainerStream:  Run 'apphelp' for available commands and aliases.
2026-08-06T08:26:09.6666586+00:00 ContainerStream:  Run 'install-nettools' to install networking utilities.
2026-08-06T08:26:09.6666619+00:00 ContainerStream: ────────────────────────────────────────────────────────────────
2026-08-06T08:26:12.6272137+00:00 ContainerStream: Starting OpenBSD Secure Shell server: sshd.
2026-08-06T08:26:12.6547622+00:00 ContainerStream: WEBSITES_INCLUDE_CLOUD_CERTS is not set to true.
2026-08-06T08:26:12.7063651+00:00 ContainerStream: Updating certificates in /etc/ssl/certs...
2026-08-06T08:26:41.2113505+00:00 ContainerStream: rehash: warning: skipping ca-certificates.crt,it does not contain exactly one certificate or CRL
2026-08-06T08:26:41.2588525+00:00 ContainerStream: rehash: warning: skipping duplicate certificate in azl_SSL.com_TLS_RSA_Root_CA_2022.pem
2026-08-06T08:26:41.3017165+00:00 ContainerStream: rehash: warning: skipping duplicate certificate in azl_SSL.com_TLS_ECC_Root_CA_2022.pem
2026-08-06T08:26:41.3294241+00:00 ContainerStream: 4 added, 0 removed; done.
2026-08-06T08:26:41.3467971+00:00 ContainerStream: Running hooks in /etc/ca-certificates/update.d...
2026-08-06T08:26:41.3493925+00:00 ContainerStream: done.
2026-08-06T08:26:41.3977324+00:00 ContainerStream: CA certificates copied and updated successfully.
2026-08-06T08:26:41.5225600+00:00 ContainerStream: Site's appCommandLine: gunicorn --bind=0.0.0.0:8000 app.app:app
2026-08-06T08:26:42.2549066+00:00 ContainerStream: Starting periodic command scheduler: cron.
2026-08-06T08:26:42.3706756+00:00 ContainerStream: Launching oryx with: create-script -appPath /home/site/wwwroot -output /opt/startup/startup.sh -virtualEnvName antenv -defaultApp /opt/defaultsite -userStartupCommand 'gunicorn --bind=0.0.0.0:8000 app.app:app'
2026-08-06T08:26:42.6133239+00:00 ContainerStream: Could not find build manifest file at '/home/site/wwwroot/oryx-manifest.toml'
2026-08-06T08:26:42.6151332+00:00 ContainerStream: Could not find operation ID in manifest. Generating an operation id...
2026-08-06T08:26:42.6163915+00:00 ContainerStream: Build Operation ID: 6e0b4213-08c0-4378-a38e-ad139db0472c
2026-08-06T08:26:43.5283032+00:00 ContainerStream: Oryx Version: 0.2.20260710.1, Commit: 079b5b6294eb97d462d8f96bfa3243e9b85251da, ReleaseTagName: 20260710.1
2026-08-06T08:26:43.6691350+00:00 ContainerStream: Writing output script to '/opt/startup/startup.sh'
2026-08-06T08:26:43.9054010+00:00 ContainerStream: WARNING: Could not find virtual environment directory /home/site/wwwroot/antenv.
2026-08-06T08:26:43.9319076+00:00 ContainerStream: WARNING: Could not find package directory /home/site/wwwroot/__oryx_packages__.
2026-08-06T08:26:46.1351460+00:00 ContainerStream: [2026-08-06 08:26:46 +0000] [1871] [INFO] Starting gunicorn 24.1.1
2026-08-06T08:26:46.1420723+00:00 ContainerStream: [2026-08-06 08:26:46 +0000] [1871] [INFO] Listening at: http://0.0.0.0:8000 (1871)
2026-08-06T08:26:46.1424721+00:00 ContainerStream: [2026-08-06 08:26:46 +0000] [1871] [INFO] Using worker: sync
2026-08-06T08:26:46.1722931+00:00 ContainerStream: [2026-08-06 08:26:46 +0000] [1874] [INFO] Booting worker with pid: 1874
2026-08-06T08:26:47.6873988+00:00 ContainerStream: [2026-08-06 08:26:47 +0000] [1874] [ERROR] Exception in worker process
2026-08-06T08:26:47.6874717+00:00 ContainerStream: Traceback (most recent call last):
2026-08-06T08:26:47.6874757+00:00 ContainerStream:   File "/opt/python/3.12.13/lib/python3.12/site-packages/gunicorn/arbiter.py", line 641, in spawn_worker
2026-08-06T08:26:47.6874780+00:00 ContainerStream:     worker.init_process()
2026-08-06T08:26:47.6874806+00:00 ContainerStream:   File "/opt/python/3.12.13/lib/python3.12/site-packages/gunicorn/workers/base.py", line 135, in init_process
2026-08-06T08:26:47.6874827+00:00 ContainerStream:     self.load_wsgi()
2026-08-06T08:26:47.6874854+00:00 ContainerStream:   File "/opt/python/3.12.13/lib/python3.12/site-packages/gunicorn/workers/base.py", line 147, in load_wsgi
2026-08-06T08:26:47.6874876+00:00 ContainerStream:     self.wsgi = self.app.wsgi()
2026-08-06T08:26:47.6874898+00:00 ContainerStream:                 ^^^^^^^^^^^^^^^
2026-08-06T08:26:47.6874923+00:00 ContainerStream:   File "/opt/python/3.12.13/lib/python3.12/site-packages/gunicorn/app/base.py", line 66, in wsgi
2026-08-06T08:26:47.6874943+00:00 ContainerStream:     self.callable = self.load()
2026-08-06T08:26:47.6874964+00:00 ContainerStream:                     ^^^^^^^^^^^
2026-08-06T08:26:47.6874989+00:00 ContainerStream:   File "/opt/python/3.12.13/lib/python3.12/site-packages/gunicorn/app/wsgiapp.py", line 57, in load
2026-08-06T08:26:47.6875010+00:00 ContainerStream:     return self.load_wsgiapp()
2026-08-06T08:26:47.6875057+00:00 ContainerStream:            ^^^^^^^^^^^^^^^^^^^
2026-08-06T08:26:47.6875083+00:00 ContainerStream:   File "/opt/python/3.12.13/lib/python3.12/site-packages/gunicorn/app/wsgiapp.py", line 47, in load_wsgiapp
2026-08-06T08:26:47.6875109+00:00 ContainerStream:     return util.import_app(self.app_uri)
2026-08-06T08:26:47.6875130+00:00 ContainerStream:            ^^^^^^^^^^^^^^^^^^^^^^^^^^^^^
2026-08-06T08:26:47.6875154+00:00 ContainerStream:   File "/opt/python/3.12.13/lib/python3.12/site-packages/gunicorn/util.py", line 366, in import_app
2026-08-06T08:26:47.6875176+00:00 ContainerStream:     mod = importlib.import_module(module)
2026-08-06T08:26:47.6875198+00:00 ContainerStream:           ^^^^^^^^^^^^^^^^^^^^^^^^^^^^^^^
2026-08-06T08:26:47.6875223+00:00 ContainerStream:   File "/opt/python/3.12.13/lib/python3.12/importlib/__init__.py", line 90, in import_module
2026-08-06T08:26:47.6875246+00:00 ContainerStream:     return _bootstrap._gcd_import(name[level:], package, level)
2026-08-06T08:26:47.6875269+00:00 ContainerStream:            ^^^^^^^^^^^^^^^^^^^^^^^^^^^^^^^^^^^^^^^^^^^^^^^^^^^^
2026-08-06T08:26:47.6875293+00:00 ContainerStream:   File "<frozen importlib._bootstrap>", line 1387, in _gcd_import
2026-08-06T08:26:47.6875316+00:00 ContainerStream:   File "<frozen importlib._bootstrap>", line 1360, in _find_and_load
2026-08-06T08:26:47.6875340+00:00 ContainerStream:   File "<frozen importlib._bootstrap>", line 1319, in _find_and_load_unlocked
2026-08-06T08:26:47.6875392+00:00 ContainerStream: ModuleNotFoundError: No module named 'app.app'; 'app' is not a package
2026-08-06T08:26:47.6966388+00:00 ContainerStream: No module named 'app.app'; 'app' is not a package
2026-08-06T08:26:47.7160730+00:00 ContainerStream: [2026-08-06 08:26:47 +0000] [1874] [INFO] Worker exiting (pid: 1874)
2026-08-06T08:26:47.9929965+00:00 ContainerStream: [2026-08-06 08:26:47 +0000] [1871] [ERROR] Worker (pid:1874) exited with code 3.
2026-08-06T08:26:48.0126304+00:00 ContainerStream: [2026-08-06 08:26:48 +0000] [1871] [ERROR] Shutting down: Master
2026-08-06T08:26:48.0126574+00:00 ContainerStream: [2026-08-06 08:26:48 +0000] [1871] [ERROR] Reason: Worker failed to boot.
2026-08-06T08:26:48.2241486+00:00 ContainerStatus: Container has finished running with exit code: 3.
2026-08-06T08:26:48.2242254+00:00 ContainerStatus: Container is terminating. Grace period: 5 seconds.
2026-08-06T08:26:48.2323813+00:00 ContainerStatus: Stop and delete container. Retry count = 0
2026-08-06T08:26:48.2527942+00:00 ContainerStatus: Stopping container: 25f03c48bc61_webappkrant20260805.
2026-08-06T08:26:48.3909364+00:00 ContainerStatus: Deleting container: 25f03c48bc61_webappkrant20260805. Retry count = 0
2026-08-06T08:26:48.6942835+00:00 ContainerStatus: Container spec TerminationMessagePolicy  path 
2026-08-06T08:26:48.6950748+00:00 ContainerStatus: Container is terminated. Total time elapsed: 470 ms.
2026-08-06T08:26:48.6961850+00:00 ContainerStatus: Site container: webappkrant20260805 terminated during site startup.
2026-08-06T08:26:48.6966369+00:00 ContainerStatus: State: Stopping, Action: CancellingStartup, LastError: ContainerStartupFailure, LastErrorTimestamp: 08/06/2026 08:25:05, LastErrorDetails: Container exited with exit code 3 during startup after 64.3s. Please inspect your container logs for more details., Details: Site container: webappkrant20260805 terminated during site startup. Cancelling site startup., DetailsLevel: ERR
2026-08-06T08:26:48.7244215+00:00 ContainerStatus: Site startup probe failed after 39.8211321 seconds.
2026-08-06T08:26:49.1401065+00:00 ContainerStatus: State: Stopping, Action: CancellingStartup, LastError: ContainerStartupFailure, LastErrorTimestamp: 08/06/2026 08:26:49, LastErrorDetails: Container exited with exit code 3 during startup after 40.0s. Please inspect your container logs for more details., Details: Site container: webappkrant20260805 terminated during site startup. Cancelling site startup., DetailsLevel: ERR
2026-08-06T08:26:49.1687500+00:00 ContainerStatus: Failed to start site. Revert by stopping site.
2026-08-06T08:26:49.1693147+00:00 ContainerStatus: State: Stopping, Action: StoppingSite, LastError: ContainerStartupFailure, LastErrorTimestamp: 08/06/2026 08:26:49, LastErrorDetails: Container exited with exit code 3 during startup after 40.0s. Please inspect your container logs for more details., Details: Site container: webappkrant20260805 terminated during site startup. Cancelling site startup., DetailsLevel: ERR
2026-08-06T08:26:49.1790551+00:00 ContainerStatus: State: Stopping, Action: StoppingSiteContainers, LastError: ContainerStartupFailure, LastErrorTimestamp: 08/06/2026 08:26:49, LastErrorDetails: Container exited with exit code 3 during startup after 40.0s. Please inspect your container logs for more details., Details: Site container: webappkrant20260805 terminated during site startup. Cancelling site startup., DetailsLevel: ERR
2026-08-06T08:26:49.6647017+00:00 ContainerStatus: Site container: webappkrant20260805_managedIdentity terminated during site startup.
2026-08-06T08:26:49.6725424+00:00 ContainerStatus: State: Stopping, Action: StoppingSiteContainers, LastError: ContainerStartupFailure, LastErrorTimestamp: 08/06/2026 08:26:49, LastErrorDetails: Container exited with exit code 3 during startup after 40.0s. Please inspect your container logs for more details., Details: Site container: webappkrant20260805 terminated during site startup. Cancelling site startup., DetailsLevel: ERR
2026-08-06T08:26:49.6728030+00:00 ContainerStatus: Site: webappkrant20260805 stopped.
========== New Cold Start Attempt (2026-08-06T08:26:49.6826992+00:00) ==========
2026-08-06T08:26:49.6826992+00:00 ContainerStatus: State: Stopping, Action: UnmountingVolumes, LastError: ContainerStartupFailure, LastErrorTimestamp: 08/06/2026 08:26:49, LastErrorDetails: Container exited with exit code 3 during startup after 40.0s. Please inspect your container logs for more details., Details: Site container: webappkrant20260805 terminated during site startup. Cancelling site startup., DetailsLevel: ERR
2026-08-06T08:26:50.5092241+00:00 ContainerStatus: State: Stopping, Action: StoppingSiteNetworks, LastError: ContainerStartupFailure, LastErrorTimestamp: 08/06/2026 08:26:49, LastErrorDetails: Container exited with exit code 3 during startup after 40.0s. Please inspect your container logs for more details., Details: Site container: webappkrant20260805 terminated during site startup. Cancelling site startup., DetailsLevel: ERR
2026-08-06T08:26:51.2614189+00:00 ContainerStatus: Site: webappkrant20260805 will be blocked for 1 minutes till 08/06/2026 08:27:51
2026-08-06T08:26:51.2616368+00:00 ContainerStatus: State: Blocked, Action: StoppingSiteNetworks, LastError: ContainerStartupFailure, LastErrorTimestamp: 08/06/2026 08:26:49, LastErrorDetails: Container exited with exit code 3 during startup after 40.0s. Please inspect your container logs for more details., Details: Site: webappkrant20260805 will be blocked for 1 minutes till 08/06/2026 08:27:51, DetailsLevel: WARN
2026-08-06T08:26:51.2730570+00:00 ContainerStatus: State: Stopped, Action: None, LastError: ContainerStartupFailure, LastErrorTimestamp: 08/06/2026 08:26:49, LastErrorDetails: Container exited with exit code 3 during startup after 40.0s. Please inspect your container logs for more details., Details: Site stopped at 08/06/2026 08:26:51 (UTC), DetailsLevel: WARN
2026-08-06T08:26:52.0989537+00:00 ContainerStatus: State: Stopped, Action: None, LastError: ContainerStartupFailure, LastErrorTimestamp: 08/06/2026 08:26:49, LastErrorDetails: Container exited with exit code 3 during startup after 40.0s. Please inspect your container logs for more details., Details: Site stopped at 08/06/2026 08:26:51 (UTC), DetailsLevel: WARN
2026-08-06T08:27:51.2527416+00:00 ContainerStatus: Site: webappkrant20260805 is unblocked.
2026-08-06T08:28:25.8126565+00:00 ContainerStatus: State: Starting, Action: EstablishingSiteNetworks, LastError: ContainerStartupFailure, LastErrorTimestamp: 08/06/2026 08:26:49, LastErrorDetails: Container exited with exit code 3 during startup after 40.0s. Please inspect your container logs for more details., Details: Site stopped at 08/06/2026 08:26:51 (UTC), DetailsLevel: WARN
2026-08-06T08:28:28.8990422+00:00 ContainerStatus: State: Starting, Action: StartingMsiContainer, LastError: ContainerStartupFailure, LastErrorTimestamp: 08/06/2026 08:26:49, LastErrorDetails: Container exited with exit code 3 during startup after 40.0s. Please inspect your container logs for more details., Details: Site stopped at 08/06/2026 08:26:51 (UTC), DetailsLevel: WARN
2026-08-06T08:28:46.1018715+00:00 ContainerStatus: State: Starting, Action: StartingSiteContainers, LastError: ContainerStartupFailure, LastErrorTimestamp: 08/06/2026 08:26:49, LastErrorDetails: Container exited with exit code 3 during startup after 40.0s. Please inspect your container logs for more details., Details: Site stopped at 08/06/2026 08:26:51 (UTC), DetailsLevel: WARN
2026-08-06T08:28:46.1020881+00:00 ContainerStatus: Container start method called.
2026-08-06T08:28:46.1022668+00:00 ContainerStatus: State: Starting, Action: PullingImage, LastError: ContainerStartupFailure, LastErrorTimestamp: 08/06/2026 08:26:49, LastErrorDetails: Container exited with exit code 3 during startup after 40.0s. Please inspect your container logs for more details., Details: Pulling image 10.1.0.4:13209/appsvc/python:3.12_20260710.8.tuxprod for webappkrant20260805., DetailsLevel: INFO
2026-08-06T08:28:46.1023617+00:00 ContainerStatus: Establishing network.
2026-08-06T08:28:46.1024456+00:00 ContainerStatus: Pulling image: appsvc/python:3.12_20260710.8.tuxprod.
2026-08-06T08:28:46.4517652+00:00 ContainerStatus: Container is starting.
2026-08-06T08:28:46.4522218+00:00 ContainerStatus: State: Starting, Action: MountingVolumes, LastError: ContainerStartupFailure, LastErrorTimestamp: 08/06/2026 08:26:49, LastErrorDetails: Container exited with exit code 3 during startup after 40.0s. Please inspect your container logs for more details., Details: Mounting volumes for webappkrant20260805., DetailsLevel: INFO
2026-08-06T08:28:46.4536132+00:00 ContainerStatus: Establishing user namespace if not established already.
2026-08-06T08:28:46.4636960+00:00 ContainerStatus: Establishing network if not established already.
2026-08-06T08:28:46.4638559+00:00 ContainerStatus: Mounting volumes.
2026-08-06T08:28:46.4639650+00:00 ContainerStatus: Nested mountpoint 
2026-08-06T08:28:46.4893285+00:00 ContainerStatus: Nested mountpoint volatile/logs
2026-08-06T08:28:46.5306633+00:00 ContainerStatus: Nested mountpoint 
2026-08-06T08:28:46.5311826+00:00 ContainerStatus: Nested mountpoint 
2026-08-06T08:28:46.6816653+00:00 ContainerStatus: Nested mountpoint 
2026-08-06T08:28:46.8665508+00:00 ContainerStatus: Nested mountpoint 
2026-08-06T08:28:47.2482283+00:00 ContainerStatus: State: Starting, Action: CreatingContainer, LastError: ContainerStartupFailure, LastErrorTimestamp: 08/06/2026 08:26:49, LastErrorDetails: Container exited with exit code 3 during startup after 40.0s. Please inspect your container logs for more details., Details: Finished pulling container image and mounting volumes for webappkrant20260805. Allocatinng the rest of the container resources to finish container creation., DetailsLevel: INFO
2026-08-06T08:28:47.2578025+00:00 ContainerStatus: Creating container.
2026-08-06T08:28:47.2580828+00:00 ContainerStatus: Creating pipes for streaming container io.
2026-08-06T08:28:47.2586589+00:00 ContainerStatus: Creating stdout named pipe at /podr/container/pipe/ce4d2821dacb_webappkrant20260805/stdout_41a1486adc5a4bd0b9b1463cb28f7588.
2026-08-06T08:28:47.2672662+00:00 ContainerStatus: Successfully created stdout named pipe at: /podr/container/pipe/ce4d2821dacb_webappkrant20260805/stdout_41a1486adc5a4bd0b9b1463cb28f7588.
2026-08-06T08:28:47.2680214+00:00 ContainerStatus: Opening named pipe /podr/container/pipe/ce4d2821dacb_webappkrant20260805/stdout_41a1486adc5a4bd0b9b1463cb28f7588 for reading in non-blocking mode.
2026-08-06T08:28:47.2756535+00:00 ContainerStatus: Successfully opened named pipe: /podr/container/pipe/ce4d2821dacb_webappkrant20260805/stdout_41a1486adc5a4bd0b9b1463cb28f7588.
2026-08-06T08:28:47.2775256+00:00 ContainerStatus: Successfully removed non-blocking flag from /podr/container/pipe/ce4d2821dacb_webappkrant20260805/stdout_41a1486adc5a4bd0b9b1463cb28f7588.
2026-08-06T08:28:47.2847990+00:00 ContainerStatus: Creating stderr named pipe at /podr/container/pipe/ce4d2821dacb_webappkrant20260805/stderr_9b0d52c1547b455ca5d4dbc0f3b7fbfa.
2026-08-06T08:28:47.2853497+00:00 ContainerStatus: Successfully created stderr named pipe at: /podr/container/pipe/ce4d2821dacb_webappkrant20260805/stderr_9b0d52c1547b455ca5d4dbc0f3b7fbfa.
2026-08-06T08:28:47.2855625+00:00 ContainerStatus: Opening named pipe /podr/container/pipe/ce4d2821dacb_webappkrant20260805/stderr_9b0d52c1547b455ca5d4dbc0f3b7fbfa for reading in non-blocking mode.
2026-08-06T08:28:47.2857259+00:00 ContainerStatus: Successfully opened named pipe: /podr/container/pipe/ce4d2821dacb_webappkrant20260805/stderr_9b0d52c1547b455ca5d4dbc0f3b7fbfa.
2026-08-06T08:28:47.2858401+00:00 ContainerStatus: Successfully removed non-blocking flag from /podr/container/pipe/ce4d2821dacb_webappkrant20260805/stderr_9b0d52c1547b455ca5d4dbc0f3b7fbfa.
2026-08-06T08:28:47.2860465+00:00 ContainerStatus: Creating container with image: appsvc/python:3.12_20260710.8.tuxprod from registry: 10.1.0.4:13209 and fully qualified image name: 10.1.0.4:13209/appsvc/python:3.12_20260710.8.tuxprod
2026-08-06T08:28:47.9743070+00:00 ContainerStatus: Starting container: ce4d2821dacb_webappkrant20260805.
2026-08-06T08:28:48.0537670+00:00 ContainerStatus: Starting watchers and probes.
2026-08-06T08:28:48.0706009+00:00 ContainerStatus: Starting metrics collection.
2026-08-06T08:28:48.0713597+00:00 ContainerStatus: Container is running.
2026-08-06T08:28:48.0714412+00:00 ContainerStatus: State: Starting, Action: CreatingContainer, LastError: ContainerStartupFailure, LastErrorTimestamp: 08/06/2026 08:26:49, LastErrorDetails: Container exited with exit code 3 during startup after 40.0s. Please inspect your container logs for more details., Details: Container webappkrant20260805 successfully created and is running., DetailsLevel: INFO
2026-08-06T08:28:48.5098591+00:00 ContainerStatus: Container start method finished after 2407 ms.
2026-08-06T08:28:48.5100759+00:00 ContainerStatus: State: Starting, Action: InitiatingSiteWarmUpProbe, LastError: ContainerStartupFailure, LastErrorTimestamp: 08/06/2026 08:26:49, LastErrorDetails: Container exited with exit code 3 during startup after 40.0s. Please inspect your container logs for more details., Details: Container webappkrant20260805 successfully created and is running., DetailsLevel: INFO
2026-08-06T08:28:48.6238779+00:00 ContainerStatus: State: Starting, Action: WaitingForSiteWarmUpProbeSuccess, LastError: ContainerStartupFailure, LastErrorTimestamp: 08/06/2026 08:26:49, LastErrorDetails: Container exited with exit code 3 during startup after 40.0s. Please inspect your container logs for more details., Details: Pinging warmup path to ensure container is ready to receive requests., DetailsLevel: INFO
2026-08-06T08:28:48.7509625+00:00 ContainerStream:    _____                               
2026-08-06T08:28:48.7510130+00:00 ContainerStream:   /  _  \ __________ _________   ____  
2026-08-06T08:28:48.7510158+00:00 ContainerStream:  /  /_\  \\___   /  |  \_  __ \_/ __ \ 
2026-08-06T08:28:48.7510179+00:00 ContainerStream: /    |    \/    /|  |  /|  | \/\  ___/ 
2026-08-06T08:28:48.7510200+00:00 ContainerStream: \____|__  /_____ \____/ |__|    \___  >
2026-08-06T08:28:48.7510222+00:00 ContainerStream:         \/      \/                  \/ 
2026-08-06T08:28:48.7510243+00:00 ContainerStream: A P P   S E R V I C E   O N   L I N U X
2026-08-06T08:28:48.7510263+00:00 ContainerStream: 
2026-08-06T08:28:48.7510286+00:00 ContainerStream: Documentation     : https://aka.ms/webapp-linux
2026-08-06T08:28:48.7510308+00:00 ContainerStream: Python quickstart : https://aka.ms/python-qs
2026-08-06T08:28:48.7510330+00:00 ContainerStream: Python version    : 3.12.13
2026-08-06T08:28:48.7510351+00:00 ContainerStream: Instance name     : lw0sdlwk0000BZ
2026-08-06T08:28:48.7510377+00:00 ContainerStream: Instance id       : 2ddc320b3ce56068eef7d30467cf47281e2049dbabf0cdd575a97ac496677136
2026-08-06T08:28:48.7510428+00:00 ContainerStream: 
2026-08-06T08:28:48.7510450+00:00 ContainerStream: App port          : 8000
2026-08-06T08:28:48.7510474+00:00 ContainerStream: Port selected by  : Default for this image
2026-08-06T08:28:48.7510498+00:00 ContainerStream: (Learn more about the PORT appsetting https://aka.ms/webapp-python-settings)
2026-08-06T08:28:48.7510516+00:00 ContainerStream: 
2026-08-06T08:28:48.7510539+00:00 ContainerStream: Note: Any data outside '/home' is not persisted
2026-08-06T08:28:48.7510557+00:00 ContainerStream: 
2026-08-06T08:28:48.7510599+00:00 ContainerStream: ────────────────────────────────────────────────────────────────
2026-08-06T08:28:48.7510623+00:00 ContainerStream:  Run 'apphelp' for available commands and aliases.
2026-08-06T08:28:48.7510645+00:00 ContainerStream:  Run 'install-nettools' to install networking utilities.
2026-08-06T08:28:48.7510680+00:00 ContainerStream: ────────────────────────────────────────────────────────────────
2026-08-06T08:28:50.1349899+00:00 ContainerStream: Starting OpenBSD Secure Shell server: sshd.
2026-08-06T08:28:50.2123764+00:00 ContainerStream: WEBSITES_INCLUDE_CLOUD_CERTS is not set to true.
2026-08-06T08:28:50.2995747+00:00 ContainerStream: Updating certificates in /etc/ssl/certs...
2026-08-06T08:29:13.3593786+00:00 ContainerStream: rehash: warning: skipping ca-certificates.crt,it does not contain exactly one certificate or CRL
2026-08-06T08:29:13.4072281+00:00 ContainerStream: rehash: warning: skipping duplicate certificate in azl_SSL.com_TLS_RSA_Root_CA_2022.pem
2026-08-06T08:29:13.4469127+00:00 ContainerStream: rehash: warning: skipping duplicate certificate in azl_SSL.com_TLS_ECC_Root_CA_2022.pem
2026-08-06T08:29:13.4782879+00:00 ContainerStream: 4 added, 0 removed; done.
2026-08-06T08:29:13.4857251+00:00 ContainerStream: Running hooks in /etc/ca-certificates/update.d...
2026-08-06T08:29:13.4981106+00:00 ContainerStream: done.
2026-08-06T08:29:13.5347948+00:00 ContainerStream: CA certificates copied and updated successfully.
2026-08-06T08:29:13.6353827+00:00 ContainerStream: Site's appCommandLine: gunicorn --bind=0.0.0.0:8000 app.app:app
2026-08-06T08:29:14.0261008+00:00 ContainerStream: Starting periodic command scheduler: cron.
2026-08-06T08:29:14.0422176+00:00 ContainerStream: Launching oryx with: create-script -appPath /home/site/wwwroot -output /opt/startup/startup.sh -virtualEnvName antenv -defaultApp /opt/defaultsite -userStartupCommand 'gunicorn --bind=0.0.0.0:8000 app.app:app'
2026-08-06T08:29:14.3241514+00:00 ContainerStream: Could not find build manifest file at '/home/site/wwwroot/oryx-manifest.toml'
2026-08-06T08:29:14.3314120+00:00 ContainerStream: Could not find operation ID in manifest. Generating an operation id...
2026-08-06T08:29:14.3330646+00:00 ContainerStream: Build Operation ID: 3cc7ca63-e5cc-42c4-a985-749d1b5dc03e
2026-08-06T08:29:15.5130660+00:00 ContainerStream: Oryx Version: 0.2.20260710.1, Commit: 079b5b6294eb97d462d8f96bfa3243e9b85251da, ReleaseTagName: 20260710.1
2026-08-06T08:29:15.6883788+00:00 ContainerStream: Writing output script to '/opt/startup/startup.sh'
2026-08-06T08:29:15.9174177+00:00 ContainerStream: WARNING: Could not find virtual environment directory /home/site/wwwroot/antenv.
2026-08-06T08:29:15.9248285+00:00 ContainerStream: WARNING: Could not find package directory /home/site/wwwroot/__oryx_packages__.
2026-08-06T08:29:17.7632546+00:00 ContainerStream: [2026-08-06 08:29:17 +0000] [1871] [INFO] Starting gunicorn 24.1.1
2026-08-06T08:29:17.7651204+00:00 ContainerStream: [2026-08-06 08:29:17 +0000] [1871] [INFO] Listening at: http://0.0.0.0:8000 (1871)
2026-08-06T08:29:17.7849500+00:00 ContainerStream: [2026-08-06 08:29:17 +0000] [1871] [INFO] Using worker: sync
2026-08-06T08:29:17.8049188+00:00 ContainerStream: [2026-08-06 08:29:17 +0000] [1873] [INFO] Booting worker with pid: 1873
2026-08-06T08:29:19.5014918+00:00 ContainerStream: [2026-08-06 08:29:19 +0000] [1873] [ERROR] Exception in worker process
2026-08-06T08:29:19.5015500+00:00 ContainerStream: Traceback (most recent call last):
2026-08-06T08:29:19.5015535+00:00 ContainerStream:   File "/opt/python/3.12.13/lib/python3.12/site-packages/gunicorn/arbiter.py", line 641, in spawn_worker
2026-08-06T08:29:19.5015556+00:00 ContainerStream:     worker.init_process()
2026-08-06T08:29:19.5015582+00:00 ContainerStream:   File "/opt/python/3.12.13/lib/python3.12/site-packages/gunicorn/workers/base.py", line 135, in init_process
2026-08-06T08:29:19.5015604+00:00 ContainerStream:     self.load_wsgi()
2026-08-06T08:29:19.5015629+00:00 ContainerStream:   File "/opt/python/3.12.13/lib/python3.12/site-packages/gunicorn/workers/base.py", line 147, in load_wsgi
2026-08-06T08:29:19.5015651+00:00 ContainerStream:     self.wsgi = self.app.wsgi()
2026-08-06T08:29:19.5015672+00:00 ContainerStream:                 ^^^^^^^^^^^^^^^
2026-08-06T08:29:19.5015699+00:00 ContainerStream:   File "/opt/python/3.12.13/lib/python3.12/site-packages/gunicorn/app/base.py", line 66, in wsgi
2026-08-06T08:29:19.5015719+00:00 ContainerStream:     self.callable = self.load()
2026-08-06T08:29:19.5015738+00:00 ContainerStream:                     ^^^^^^^^^^^
2026-08-06T08:29:19.5015763+00:00 ContainerStream:   File "/opt/python/3.12.13/lib/python3.12/site-packages/gunicorn/app/wsgiapp.py", line 57, in load
2026-08-06T08:29:19.5015784+00:00 ContainerStream:     return self.load_wsgiapp()
2026-08-06T08:29:19.5015835+00:00 ContainerStream:            ^^^^^^^^^^^^^^^^^^^
2026-08-06T08:29:19.5015862+00:00 ContainerStream:   File "/opt/python/3.12.13/lib/python3.12/site-packages/gunicorn/app/wsgiapp.py", line 47, in load_wsgiapp
2026-08-06T08:29:19.5015884+00:00 ContainerStream:     return util.import_app(self.app_uri)
2026-08-06T08:29:19.5015905+00:00 ContainerStream:            ^^^^^^^^^^^^^^^^^^^^^^^^^^^^^
2026-08-06T08:29:19.5015930+00:00 ContainerStream:   File "/opt/python/3.12.13/lib/python3.12/site-packages/gunicorn/util.py", line 366, in import_app
2026-08-06T08:29:19.5015951+00:00 ContainerStream:     mod = importlib.import_module(module)
2026-08-06T08:29:19.5015972+00:00 ContainerStream:           ^^^^^^^^^^^^^^^^^^^^^^^^^^^^^^^
2026-08-06T08:29:19.5015997+00:00 ContainerStream:   File "/opt/python/3.12.13/lib/python3.12/importlib/__init__.py", line 90, in import_module
2026-08-06T08:29:19.5016020+00:00 ContainerStream:     return _bootstrap._gcd_import(name[level:], package, level)
2026-08-06T08:29:19.5016044+00:00 ContainerStream:            ^^^^^^^^^^^^^^^^^^^^^^^^^^^^^^^^^^^^^^^^^^^^^^^^^^^^
2026-08-06T08:29:19.5016067+00:00 ContainerStream:   File "<frozen importlib._bootstrap>", line 1387, in _gcd_import
2026-08-06T08:29:19.5016089+00:00 ContainerStream:   File "<frozen importlib._bootstrap>", line 1360, in _find_and_load
2026-08-06T08:29:19.5016113+00:00 ContainerStream:   File "<frozen importlib._bootstrap>", line 1319, in _find_and_load_unlocked
2026-08-06T08:29:19.5016168+00:00 ContainerStream: ModuleNotFoundError: No module named 'app.app'; 'app' is not a package
2026-08-06T08:29:19.5092970+00:00 ContainerStream: No module named 'app.app'; 'app' is not a package
2026-08-06T08:29:19.5303409+00:00 ContainerStream: [2026-08-06 08:29:19 +0000] [1873] [INFO] Worker exiting (pid: 1873)
2026-08-06T08:29:20.2396077+00:00 ContainerStream: [2026-08-06 08:29:20 +0000] [1871] [ERROR] Worker (pid:1873) exited with code 3.
2026-08-06T08:29:20.2614670+00:00 ContainerStream: [2026-08-06 08:29:20 +0000] [1871] [ERROR] Shutting down: Master
2026-08-06T08:29:20.2875844+00:00 ContainerStream: [2026-08-06 08:29:20 +0000] [1871] [ERROR] Reason: Worker failed to boot.
2026-08-06T08:29:20.6743588+00:00 ContainerStatus: Container has finished running with exit code: 3.
2026-08-06T08:29:20.6744636+00:00 ContainerStatus: Container is terminating. Grace period: 5 seconds.
2026-08-06T08:29:20.6768399+00:00 ContainerStatus: Stop and delete container. Retry count = 0
2026-08-06T08:29:20.6769204+00:00 ContainerStatus: Stopping container: ce4d2821dacb_webappkrant20260805.
2026-08-06T08:29:20.7933117+00:00 ContainerStatus: Deleting container: ce4d2821dacb_webappkrant20260805. Retry count = 0
2026-08-06T08:29:21.1468815+00:00 ContainerStatus: Container spec TerminationMessagePolicy  path 
2026-08-06T08:29:21.1470143+00:00 ContainerStatus: Container is terminated. Total time elapsed: 472 ms.
2026-08-06T08:29:21.1470917+00:00 ContainerStatus: Site container: webappkrant20260805 terminated during site startup.
2026-08-06T08:29:21.1471736+00:00 ContainerStatus: State: Stopping, Action: CancellingStartup, LastError: ContainerStartupFailure, LastErrorTimestamp: 08/06/2026 08:26:49, LastErrorDetails: Container exited with exit code 3 during startup after 40.0s. Please inspect your container logs for more details., Details: Site container: webappkrant20260805 terminated during site startup. Cancelling site startup., DetailsLevel: ERR
2026-08-06T08:29:21.6059685+00:00 ContainerStatus: Site startup probe failed after 32.9747769 seconds.
2026-08-06T08:29:22.3237854+00:00 ContainerStatus: State: Stopping, Action: CancellingStartup, LastError: ContainerStartupFailure, LastErrorTimestamp: 08/06/2026 08:29:22, LastErrorDetails: Container exited with exit code 3 during startup after 33.1s. Please inspect your container logs for more details., Details: Site container: webappkrant20260805 terminated during site startup. Cancelling site startup., DetailsLevel: ERR
2026-08-06T08:29:22.3646447+00:00 ContainerStatus: Failed to start site. Revert by stopping site.
2026-08-06T08:29:22.3721921+00:00 ContainerStatus: State: Stopping, Action: StoppingSite, LastError: ContainerStartupFailure, LastErrorTimestamp: 08/06/2026 08:29:22, LastErrorDetails: Container exited with exit code 3 during startup after 33.1s. Please inspect your container logs for more details., Details: Site container: webappkrant20260805 terminated during site startup. Cancelling site startup., DetailsLevel: ERR
2026-08-06T08:29:22.3745349+00:00 ContainerStatus: State: Stopping, Action: StoppingSiteContainers, LastError: ContainerStartupFailure, LastErrorTimestamp: 08/06/2026 08:29:22, LastErrorDetails: Container exited with exit code 3 during startup after 33.1s. Please inspect your container logs for more details., Details: Site container: webappkrant20260805 terminated during site startup. Cancelling site startup., DetailsLevel: ERR
2026-08-06T08:29:23.0712548+00:00 ContainerStatus: Site container: webappkrant20260805_managedIdentity terminated during site startup.
2026-08-06T08:29:23.0791393+00:00 ContainerStatus: State: Stopping, Action: StoppingSiteContainers, LastError: ContainerStartupFailure, LastErrorTimestamp: 08/06/2026 08:29:22, LastErrorDetails: Container exited with exit code 3 during startup after 33.1s. Please inspect your container logs for more details., Details: Site container: webappkrant20260805 terminated during site startup. Cancelling site startup., DetailsLevel: ERR
2026-08-06T08:29:23.0799449+00:00 ContainerStatus: Site: webappkrant20260805 stopped.
========== New Cold Start Attempt (2026-08-06T08:29:23.1081236+00:00) ==========
2026-08-06T08:29:23.1081236+00:00 ContainerStatus: State: Stopping, Action: UnmountingVolumes, LastError: ContainerStartupFailure, LastErrorTimestamp: 08/06/2026 08:29:22, LastErrorDetails: Container exited with exit code 3 during startup after 33.1s. Please inspect your container logs for more details., Details: Site container: webappkrant20260805 terminated during site startup. Cancelling site startup., DetailsLevel: ERR
2026-08-06T08:29:23.7453132+00:00 ContainerStatus: State: Stopping, Action: StoppingSiteNetworks, LastError: ContainerStartupFailure, LastErrorTimestamp: 08/06/2026 08:29:22, LastErrorDetails: Container exited with exit code 3 during startup after 33.1s. Please inspect your container logs for more details., Details: Site container: webappkrant20260805 terminated during site startup. Cancelling site startup., DetailsLevel: ERR
2026-08-06T08:29:24.5404404+00:00 ContainerStatus: Site: webappkrant20260805 will be blocked for 1 minutes till 08/06/2026 08:30:24
2026-08-06T08:29:24.5407245+00:00 ContainerStatus: State: Blocked, Action: StoppingSiteNetworks, LastError: ContainerStartupFailure, LastErrorTimestamp: 08/06/2026 08:29:22, LastErrorDetails: Container exited with exit code 3 during startup after 33.1s. Please inspect your container logs for more details., Details: Site: webappkrant20260805 will be blocked for 1 minutes till 08/06/2026 08:30:24, DetailsLevel: WARN
2026-08-06T08:29:24.5415500+00:00 ContainerStatus: State: Stopped, Action: None, LastError: ContainerStartupFailure, LastErrorTimestamp: 08/06/2026 08:29:22, LastErrorDetails: Container exited with exit code 3 during startup after 33.1s. Please inspect your container logs for more details., Details: Site stopped at 08/06/2026 08:29:24 (UTC), DetailsLevel: WARN
2026-08-06T08:29:25.2508655+00:00 ContainerStatus: State: Stopped, Action: None, LastError: ContainerStartupFailure, LastErrorTimestamp: 08/06/2026 08:29:22, LastErrorDetails: Container exited with exit code 3 during startup after 33.1s. Please inspect your container logs for more details., Details: Site stopped at 08/06/2026 08:29:24 (UTC), DetailsLevel: WARN
2026-08-06T08:29:30.8269558+00:00 ContainerStatus: State: Blocked, Action: None, LastError: ContainerStartupFailure, LastErrorTimestamp: 08/06/2026 08:29:22, LastErrorDetails: Container exited with exit code 3 during startup after 33.1s. Please inspect your container logs for more details., Details: Site is blocked due to multiple, consecutive cold start failures. Site scheduled to be unblocked at 08/06/2026 08:30:24, DetailsLevel: WARN
2026-08-06T08:29:30.8270646+00:00 ContainerStatus: Start site prohibitted because the site is being blocked.
2026-08-06T08:30:24.5443238+00:00 ContainerStatus: Site: webappkrant20260805 is unblocked.
2026-08-06T08:30:26.7597893+00:00 ContainerStatus: State: Starting, Action: EstablishingSiteNetworks, LastError: ContainerStartupFailure, LastErrorTimestamp: 08/06/2026 08:29:22, LastErrorDetails: Container exited with exit code 3 during startup after 33.1s. Please inspect your container logs for more details., Details: Site is blocked due to multiple, consecutive cold start failures. Site scheduled to be unblocked at 08/06/2026 08:30:24, DetailsLevel: WARN
2026-08-06T08:30:30.9206476+00:00 ContainerStatus: State: Starting, Action: StartingMsiContainer, LastError: ContainerStartupFailure, LastErrorTimestamp: 08/06/2026 08:29:22, LastErrorDetails: Container exited with exit code 3 during startup after 33.1s. Please inspect your container logs for more details., Details: Site is blocked due to multiple, consecutive cold start failures. Site scheduled to be unblocked at 08/06/2026 08:30:24, DetailsLevel: WARN
2026-08-06T08:30:47.8979258+00:00 ContainerStatus: State: Starting, Action: StartingSiteContainers, LastError: ContainerStartupFailure, LastErrorTimestamp: 08/06/2026 08:29:22, LastErrorDetails: Container exited with exit code 3 during startup after 33.1s. Please inspect your container logs for more details., Details: Site is blocked due to multiple, consecutive cold start failures. Site scheduled to be unblocked at 08/06/2026 08:30:24, DetailsLevel: WARN
2026-08-06T08:30:47.9440080+00:00 ContainerStatus: Container start method called.
2026-08-06T08:30:47.9711519+00:00 ContainerStatus: State: Starting, Action: PullingImage, LastError: ContainerStartupFailure, LastErrorTimestamp: 08/06/2026 08:29:22, LastErrorDetails: Container exited with exit code 3 during startup after 33.1s. Please inspect your container logs for more details., Details: Pulling image 10.1.0.4:13209/appsvc/python:3.12_20260710.8.tuxprod for webappkrant20260805., DetailsLevel: INFO
2026-08-06T08:30:47.9713995+00:00 ContainerStatus: Establishing network.
2026-08-06T08:30:47.9722885+00:00 ContainerStatus: Pulling image: appsvc/python:3.12_20260710.8.tuxprod.
2026-08-06T08:30:48.2832943+00:00 ContainerStatus: Container is starting.
2026-08-06T08:30:48.2834445+00:00 ContainerStatus: State: Starting, Action: MountingVolumes, LastError: ContainerStartupFailure, LastErrorTimestamp: 08/06/2026 08:29:22, LastErrorDetails: Container exited with exit code 3 during startup after 33.1s. Please inspect your container logs for more details., Details: Mounting volumes for webappkrant20260805., DetailsLevel: INFO
2026-08-06T08:30:48.2836063+00:00 ContainerStatus: Establishing user namespace if not established already.
2026-08-06T08:30:48.2855536+00:00 ContainerStatus: Establishing network if not established already.
2026-08-06T08:30:48.2858231+00:00 ContainerStatus: Mounting volumes.
2026-08-06T08:30:48.2935623+00:00 ContainerStatus: Nested mountpoint 
2026-08-06T08:30:48.3528316+00:00 ContainerStatus: Nested mountpoint volatile/logs
2026-08-06T08:30:48.4426719+00:00 ContainerStatus: Nested mountpoint 
2026-08-06T08:30:48.4738345+00:00 ContainerStatus: Nested mountpoint 
2026-08-06T08:30:48.6805890+00:00 ContainerStatus: Nested mountpoint 
2026-08-06T08:30:48.8067300+00:00 ContainerStatus: Nested mountpoint 
2026-08-06T08:30:49.1179609+00:00 ContainerStatus: State: Starting, Action: CreatingContainer, LastError: ContainerStartupFailure, LastErrorTimestamp: 08/06/2026 08:29:22, LastErrorDetails: Container exited with exit code 3 during startup after 33.1s. Please inspect your container logs for more details., Details: Finished pulling container image and mounting volumes for webappkrant20260805. Allocatinng the rest of the container resources to finish container creation., DetailsLevel: INFO
2026-08-06T08:30:49.1180696+00:00 ContainerStatus: Creating container.
2026-08-06T08:30:49.1181278+00:00 ContainerStatus: Creating pipes for streaming container io.
2026-08-06T08:30:49.1198804+00:00 ContainerStatus: Creating stdout named pipe at /podr/container/pipe/823579984ba7_webappkrant20260805/stdout_a4e878d0729c4ec58bf4db3cdcd5b3f1.
2026-08-06T08:30:49.1200666+00:00 ContainerStatus: Successfully created stdout named pipe at: /podr/container/pipe/823579984ba7_webappkrant20260805/stdout_a4e878d0729c4ec58bf4db3cdcd5b3f1.
2026-08-06T08:30:49.1201250+00:00 ContainerStatus: Opening named pipe /podr/container/pipe/823579984ba7_webappkrant20260805/stdout_a4e878d0729c4ec58bf4db3cdcd5b3f1 for reading in non-blocking mode.
2026-08-06T08:30:49.1202044+00:00 ContainerStatus: Successfully opened named pipe: /podr/container/pipe/823579984ba7_webappkrant20260805/stdout_a4e878d0729c4ec58bf4db3cdcd5b3f1.
2026-08-06T08:30:49.1202601+00:00 ContainerStatus: Successfully removed non-blocking flag from /podr/container/pipe/823579984ba7_webappkrant20260805/stdout_a4e878d0729c4ec58bf4db3cdcd5b3f1.
2026-08-06T08:30:49.1291443+00:00 ContainerStatus: Creating stderr named pipe at /podr/container/pipe/823579984ba7_webappkrant20260805/stderr_92cc5140c55b443c9ba166e59c52960d.
2026-08-06T08:30:49.1293165+00:00 ContainerStatus: Successfully created stderr named pipe at: /podr/container/pipe/823579984ba7_webappkrant20260805/stderr_92cc5140c55b443c9ba166e59c52960d.
2026-08-06T08:30:49.1294261+00:00 ContainerStatus: Opening named pipe /podr/container/pipe/823579984ba7_webappkrant20260805/stderr_92cc5140c55b443c9ba166e59c52960d for reading in non-blocking mode.
2026-08-06T08:30:49.1295291+00:00 ContainerStatus: Successfully opened named pipe: /podr/container/pipe/823579984ba7_webappkrant20260805/stderr_92cc5140c55b443c9ba166e59c52960d.
2026-08-06T08:30:49.1295965+00:00 ContainerStatus: Successfully removed non-blocking flag from /podr/container/pipe/823579984ba7_webappkrant20260805/stderr_92cc5140c55b443c9ba166e59c52960d.
2026-08-06T08:30:49.1304827+00:00 ContainerStatus: Creating container with image: appsvc/python:3.12_20260710.8.tuxprod from registry: 10.1.0.4:13209 and fully qualified image name: 10.1.0.4:13209/appsvc/python:3.12_20260710.8.tuxprod
2026-08-06T08:30:50.0800157+00:00 ContainerStatus: Starting container: 823579984ba7_webappkrant20260805.
2026-08-06T08:30:50.2348064+00:00 ContainerStatus: Starting watchers and probes.
2026-08-06T08:30:50.2420210+00:00 ContainerStatus: Starting metrics collection.
2026-08-06T08:30:50.2422186+00:00 ContainerStatus: Container is running.
2026-08-06T08:30:50.2423017+00:00 ContainerStatus: State: Starting, Action: CreatingContainer, LastError: ContainerStartupFailure, LastErrorTimestamp: 08/06/2026 08:29:22, LastErrorDetails: Container exited with exit code 3 during startup after 33.1s. Please inspect your container logs for more details., Details: Container webappkrant20260805 successfully created and is running., DetailsLevel: INFO
2026-08-06T08:30:50.5827771+00:00 ContainerStatus: Container start method finished after 2638 ms.
2026-08-06T08:30:50.5829445+00:00 ContainerStatus: State: Starting, Action: InitiatingSiteWarmUpProbe, LastError: ContainerStartupFailure, LastErrorTimestamp: 08/06/2026 08:29:22, LastErrorDetails: Container exited with exit code 3 during startup after 33.1s. Please inspect your container logs for more details., Details: Container webappkrant20260805 successfully created and is running., DetailsLevel: INFO
2026-08-06T08:30:50.5829727+00:00 ContainerStatus: State: Starting, Action: WaitingForSiteWarmUpProbeSuccess, LastError: ContainerStartupFailure, LastErrorTimestamp: 08/06/2026 08:29:22, LastErrorDetails: Container exited with exit code 3 during startup after 33.1s. Please inspect your container logs for more details., Details: Pinging warmup path to ensure container is ready to receive requests., DetailsLevel: INFO
2026-08-06T08:30:50.8536461+00:00 ContainerStream:    _____                               
2026-08-06T08:30:50.8536921+00:00 ContainerStream:   /  _  \ __________ _________   ____  
2026-08-06T08:30:50.8537063+00:00 ContainerStream:  /  /_\  \\___   /  |  \_  __ \_/ __ \ 
2026-08-06T08:30:50.8537085+00:00 ContainerStream: /    |    \/    /|  |  /|  | \/\  ___/ 
2026-08-06T08:30:50.8537106+00:00 ContainerStream: \____|__  /_____ \____/ |__|    \___  >
2026-08-06T08:30:50.8537126+00:00 ContainerStream:         \/      \/                  \/ 
2026-08-06T08:30:50.8537147+00:00 ContainerStream: A P P   S E R V I C E   O N   L I N U X
2026-08-06T08:30:50.8537165+00:00 ContainerStream: 
2026-08-06T08:30:50.8537185+00:00 ContainerStream: Documentation     : https://aka.ms/webapp-linux
2026-08-06T08:30:50.8537207+00:00 ContainerStream: Python quickstart : https://aka.ms/python-qs
2026-08-06T08:30:50.8537226+00:00 ContainerStream: Python version    : 3.12.13
2026-08-06T08:30:50.8537246+00:00 ContainerStream: Instance name     : lw0sdlwk0000BZ
2026-08-06T08:30:50.8537270+00:00 ContainerStream: Instance id       : 2ddc320b3ce56068eef7d30467cf47281e2049dbabf0cdd575a97ac496677136
2026-08-06T08:30:50.8537287+00:00 ContainerStream: 
2026-08-06T08:30:50.8537307+00:00 ContainerStream: App port          : 8000
2026-08-06T08:30:50.8537327+00:00 ContainerStream: Port selected by  : Default for this image
2026-08-06T08:30:50.8537375+00:00 ContainerStream: (Learn more about the PORT appsetting https://aka.ms/webapp-python-settings)
2026-08-06T08:30:50.8537393+00:00 ContainerStream: 
2026-08-06T08:30:50.8537413+00:00 ContainerStream: Note: Any data outside '/home' is not persisted
2026-08-06T08:30:50.8537430+00:00 ContainerStream: 
2026-08-06T08:30:50.8537471+00:00 ContainerStream: ────────────────────────────────────────────────────────────────
2026-08-06T08:30:50.8537491+00:00 ContainerStream:  Run 'apphelp' for available commands and aliases.
2026-08-06T08:30:50.8537513+00:00 ContainerStream:  Run 'install-nettools' to install networking utilities.
2026-08-06T08:30:50.8537544+00:00 ContainerStream: ────────────────────────────────────────────────────────────────
2026-08-06T08:30:52.6626447+00:00 ContainerStream: Starting OpenBSD Secure Shell server: sshd.
2026-08-06T08:30:52.7134005+00:00 ContainerStream: WEBSITES_INCLUDE_CLOUD_CERTS is not set to true.
2026-08-06T08:30:52.9265395+00:00 ContainerStream: Updating certificates in /etc/ssl/certs...
2026-08-06T08:31:16.6939476+00:00 ContainerStream: rehash: warning: skipping ca-certificates.crt,it does not contain exactly one certificate or CRL
2026-08-06T08:31:16.9416033+00:00 ContainerStream: 4 added, 0 removed; done.
2026-08-06T08:31:16.9422740+00:00 ContainerStream: Running hooks in /etc/ca-certificates/update.d...
2026-08-06T08:31:16.9516365+00:00 ContainerStream: done.
2026-08-06T08:31:16.9625748+00:00 ContainerStream: CA certificates copied and updated successfully.
2026-08-06T08:31:17.0205077+00:00 ContainerStream: rehash: warning: skipping duplicate certificate in azl_SSL.com_TLS_RSA_Root_CA_2022.pem
2026-08-06T08:31:17.0389205+00:00 ContainerStream: rehash: warning: skipping duplicate certificate in azl_SSL.com_TLS_ECC_Root_CA_2022.pem
2026-08-06T08:31:17.2347999+00:00 ContainerStream: Site's appCommandLine: gunicorn --bind=0.0.0.0:8000 app.app:app
2026-08-06T08:31:19.0171219+00:00 ContainerStream: Starting periodic command scheduler: cron.
2026-08-06T08:31:19.0559002+00:00 ContainerStream: Launching oryx with: create-script -appPath /home/site/wwwroot -output /opt/startup/startup.sh -virtualEnvName antenv -defaultApp /opt/defaultsite -userStartupCommand 'gunicorn --bind=0.0.0.0:8000 app.app:app'
2026-08-06T08:31:19.2667002+00:00 ContainerStream: Could not find build manifest file at '/home/site/wwwroot/oryx-manifest.toml'
2026-08-06T08:31:19.2681594+00:00 ContainerStream: Could not find operation ID in manifest. Generating an operation id...
2026-08-06T08:31:19.2755583+00:00 ContainerStream: Build Operation ID: d134fd75-3797-44f7-842d-2f38d761baed
2026-08-06T08:31:20.2794673+00:00 ContainerStream: Oryx Version: 0.2.20260710.1, Commit: 079b5b6294eb97d462d8f96bfa3243e9b85251da, ReleaseTagName: 20260710.1
2026-08-06T08:31:20.4677673+00:00 ContainerStream: Writing output script to '/opt/startup/startup.sh'
2026-08-06T08:31:20.6955354+00:00 ContainerStream: WARNING: Could not find virtual environment directory /home/site/wwwroot/antenv.
2026-08-06T08:31:20.7336881+00:00 ContainerStream: WARNING: Could not find package directory /home/site/wwwroot/__oryx_packages__.
2026-08-06T08:31:25.9577848+00:00 ContainerStream: [2026-08-06 08:31:25 +0000] [1871] [INFO] Starting gunicorn 24.1.1
2026-08-06T08:31:25.9578364+00:00 ContainerStream: [2026-08-06 08:31:25 +0000] [1871] [INFO] Listening at: http://0.0.0.0:8000 (1871)
2026-08-06T08:31:25.9578394+00:00 ContainerStream: [2026-08-06 08:31:25 +0000] [1871] [INFO] Using worker: sync
2026-08-06T08:31:26.2226510+00:00 ContainerStream: [2026-08-06 08:31:25 +0000] [1874] [INFO] Booting worker with pid: 1874
2026-08-06T08:31:27.7452271+00:00 ContainerStream: [2026-08-06 08:31:27 +0000] [1874] [ERROR] Exception in worker process
2026-08-06T08:31:27.7452910+00:00 ContainerStream: Traceback (most recent call last):
2026-08-06T08:31:27.7452954+00:00 ContainerStream:   File "/opt/python/3.12.13/lib/python3.12/site-packages/gunicorn/arbiter.py", line 641, in spawn_worker
2026-08-06T08:31:27.7452981+00:00 ContainerStream:     worker.init_process()
2026-08-06T08:31:27.7453008+00:00 ContainerStream:   File "/opt/python/3.12.13/lib/python3.12/site-packages/gunicorn/workers/base.py", line 135, in init_process
2026-08-06T08:31:27.7453028+00:00 ContainerStream:     self.load_wsgi()
2026-08-06T08:31:27.7453054+00:00 ContainerStream:   File "/opt/python/3.12.13/lib/python3.12/site-packages/gunicorn/workers/base.py", line 147, in load_wsgi
2026-08-06T08:31:27.7453075+00:00 ContainerStream:     self.wsgi = self.app.wsgi()
2026-08-06T08:31:27.7453207+00:00 ContainerStream:                 ^^^^^^^^^^^^^^^
2026-08-06T08:31:27.7453233+00:00 ContainerStream:   File "/opt/python/3.12.13/lib/python3.12/site-packages/gunicorn/app/base.py", line 66, in wsgi
2026-08-06T08:31:27.7453253+00:00 ContainerStream:     self.callable = self.load()
2026-08-06T08:31:27.7453273+00:00 ContainerStream:                     ^^^^^^^^^^^
2026-08-06T08:31:27.7453299+00:00 ContainerStream:   File "/opt/python/3.12.13/lib/python3.12/site-packages/gunicorn/app/wsgiapp.py", line 57, in load
2026-08-06T08:31:27.7453319+00:00 ContainerStream:     return self.load_wsgiapp()
2026-08-06T08:31:27.7453345+00:00 ContainerStream:            ^^^^^^^^^^^^^^^^^^^
2026-08-06T08:31:27.7453369+00:00 ContainerStream:   File "/opt/python/3.12.13/lib/python3.12/site-packages/gunicorn/app/wsgiapp.py", line 47, in load_wsgiapp
2026-08-06T08:31:27.7453390+00:00 ContainerStream:     return util.import_app(self.app_uri)
2026-08-06T08:31:27.7453412+00:00 ContainerStream:            ^^^^^^^^^^^^^^^^^^^^^^^^^^^^^
2026-08-06T08:31:27.7453436+00:00 ContainerStream:   File "/opt/python/3.12.13/lib/python3.12/site-packages/gunicorn/util.py", line 366, in import_app
2026-08-06T08:31:27.7453458+00:00 ContainerStream:     mod = importlib.import_module(module)
2026-08-06T08:31:27.7453501+00:00 ContainerStream:           ^^^^^^^^^^^^^^^^^^^^^^^^^^^^^^^
2026-08-06T08:31:27.7453526+00:00 ContainerStream:   File "/opt/python/3.12.13/lib/python3.12/importlib/__init__.py", line 90, in import_module
2026-08-06T08:31:27.7453549+00:00 ContainerStream:     return _bootstrap._gcd_import(name[level:], package, level)
2026-08-06T08:31:27.7453571+00:00 ContainerStream:            ^^^^^^^^^^^^^^^^^^^^^^^^^^^^^^^^^^^^^^^^^^^^^^^^^^^^
2026-08-06T08:31:27.7453594+00:00 ContainerStream:   File "<frozen importlib._bootstrap>", line 1387, in _gcd_import
2026-08-06T08:31:27.7453617+00:00 ContainerStream:   File "<frozen importlib._bootstrap>", line 1360, in _find_and_load
2026-08-06T08:31:27.7453640+00:00 ContainerStream:   File "<frozen importlib._bootstrap>", line 1319, in _find_and_load_unlocked
2026-08-06T08:31:27.7453664+00:00 ContainerStream: ModuleNotFoundError: No module named 'app.app'; 'app' is not a package
2026-08-06T08:31:27.7638307+00:00 ContainerStream: No module named 'app.app'; 'app' is not a package
2026-08-06T08:31:27.7638878+00:00 ContainerStream: [2026-08-06 08:31:27 +0000] [1874] [INFO] Worker exiting (pid: 1874)
2026-08-06T08:31:28.0713280+00:00 ContainerStream: [2026-08-06 08:31:28 +0000] [1871] [ERROR] Worker (pid:1874) exited with code 3.
2026-08-06T08:31:28.1032446+00:00 ContainerStream: [2026-08-06 08:31:28 +0000] [1871] [ERROR] Shutting down: Master
2026-08-06T08:31:28.1041170+00:00 ContainerStream: [2026-08-06 08:31:28 +0000] [1871] [ERROR] Reason: Worker failed to boot.
2026-08-06T08:31:28.3034934+00:00 ContainerStatus: Container has finished running with exit code: 3.
2026-08-06T08:31:28.3048658+00:00 ContainerStatus: Container is terminating. Grace period: 5 seconds.
2026-08-06T08:31:28.3134851+00:00 ContainerStatus: Stop and delete container. Retry count = 0
2026-08-06T08:31:28.3136439+00:00 ContainerStatus: Stopping container: 823579984ba7_webappkrant20260805.
2026-08-06T08:31:28.4346836+00:00 ContainerStatus: Deleting container: 823579984ba7_webappkrant20260805. Retry count = 0
2026-08-06T08:31:28.9703271+00:00 ContainerStatus: Container spec TerminationMessagePolicy  path 
2026-08-06T08:31:29.1301772+00:00 ContainerStatus: Container is terminated. Total time elapsed: 822 ms.
2026-08-06T08:31:29.1381124+00:00 ContainerStatus: Site container: webappkrant20260805 terminated during site startup.
2026-08-06T08:31:29.1386196+00:00 ContainerStatus: State: Stopping, Action: CancellingStartup, LastError: ContainerStartupFailure, LastErrorTimestamp: 08/06/2026 08:29:22, LastErrorDetails: Container exited with exit code 3 during startup after 33.1s. Please inspect your container logs for more details., Details: Site container: webappkrant20260805 terminated during site startup. Cancelling site startup., DetailsLevel: ERR
2026-08-06T08:31:29.2723504+00:00 ContainerStatus: Site startup probe failed after 38.6877313 seconds.
2026-08-06T08:31:29.8547092+00:00 ContainerStatus: State: Stopping, Action: CancellingStartup, LastError: ContainerStartupFailure, LastErrorTimestamp: 08/06/2026 08:31:29, LastErrorDetails: Container exited with exit code 3 during startup after 38.7s. Please inspect your container logs for more details., Details: Site container: webappkrant20260805 terminated during site startup. Cancelling site startup., DetailsLevel: ERR
2026-08-06T08:31:29.8924083+00:00 ContainerStatus: Failed to start site. Revert by stopping site.
2026-08-06T08:31:29.8943020+00:00 ContainerStatus: State: Stopping, Action: StoppingSite, LastError: ContainerStartupFailure, LastErrorTimestamp: 08/06/2026 08:31:29, LastErrorDetails: Container exited with exit code 3 during startup after 38.7s. Please inspect your container logs for more details., Details: Site container: webappkrant20260805 terminated during site startup. Cancelling site startup., DetailsLevel: ERR
2026-08-06T08:31:29.9006782+00:00 ContainerStatus: State: Stopping, Action: StoppingSiteContainers, LastError: ContainerStartupFailure, LastErrorTimestamp: 08/06/2026 08:31:29, LastErrorDetails: Container exited with exit code 3 during startup after 38.7s. Please inspect your container logs for more details., Details: Site container: webappkrant20260805 terminated during site startup. Cancelling site startup., DetailsLevel: ERR
2026-08-06T08:31:30.3538431+00:00 ContainerStatus: Site container: webappkrant20260805_managedIdentity terminated during site startup.
2026-08-06T08:31:30.3547821+00:00 ContainerStatus: State: Stopping, Action: StoppingSiteContainers, LastError: ContainerStartupFailure, LastErrorTimestamp: 08/06/2026 08:31:29, LastErrorDetails: Container exited with exit code 3 during startup after 38.7s. Please inspect your container logs for more details., Details: Site container: webappkrant20260805 terminated during site startup. Cancelling site startup., DetailsLevel: ERR
2026-08-06T08:31:30.3721718+00:00 ContainerStatus: Site: webappkrant20260805 stopped.
========== New Cold Start Attempt (2026-08-06T08:33:00.7639981+00:00) ==========
2026-08-06T08:33:00.7639981+00:00 ContainerStatus: State: Starting, Action: EstablishingSiteNetworks, LastError: ContainerStartupFailure, LastErrorTimestamp: 08/06/2026 08:31:29, LastErrorDetails: Container exited with exit code 3 during startup after 38.7s. Please inspect your container logs for more details., Details: Site stopped at 08/06/2026 08:31:31 (UTC), DetailsLevel: WARN
2026-08-06T08:33:06.0658540+00:00 ContainerStatus: State: Starting, Action: StartingMsiContainer, LastError: ContainerStartupFailure, LastErrorTimestamp: 08/06/2026 08:31:29, LastErrorDetails: Container exited with exit code 3 during startup after 38.7s. Please inspect your container logs for more details., Details: Site stopped at 08/06/2026 08:31:31 (UTC), DetailsLevel: WARN
2026-08-06T08:33:32.5535044+00:00 ContainerStatus: State: Starting, Action: StartingSiteContainers, LastError: ContainerStartupFailure, LastErrorTimestamp: 08/06/2026 08:31:29, LastErrorDetails: Container exited with exit code 3 during startup after 38.7s. Please inspect your container logs for more details., Details: Site stopped at 08/06/2026 08:31:31 (UTC), DetailsLevel: WARN
2026-08-06T08:33:32.5706867+00:00 ContainerStatus: Container start method called.
2026-08-06T08:33:32.5713397+00:00 ContainerStatus: State: Starting, Action: PullingImage, LastError: ContainerStartupFailure, LastErrorTimestamp: 08/06/2026 08:31:29, LastErrorDetails: Container exited with exit code 3 during startup after 38.7s. Please inspect your container logs for more details., Details: Pulling image 10.1.0.4:13209/appsvc/python:3.12_20260710.8.tuxprod for webappkrant20260805., DetailsLevel: INFO
2026-08-06T08:33:32.5714892+00:00 ContainerStatus: Establishing network.
2026-08-06T08:33:32.5718491+00:00 ContainerStatus: Pulling image: appsvc/python:3.12_20260710.8.tuxprod.
2026-08-06T08:33:33.1722098+00:00 ContainerStatus: Container is starting.
2026-08-06T08:33:33.1723013+00:00 ContainerStatus: State: Starting, Action: MountingVolumes, LastError: ContainerStartupFailure, LastErrorTimestamp: 08/06/2026 08:31:29, LastErrorDetails: Container exited with exit code 3 during startup after 38.7s. Please inspect your container logs for more details., Details: Mounting volumes for webappkrant20260805., DetailsLevel: INFO
2026-08-06T08:33:33.1723594+00:00 ContainerStatus: Establishing user namespace if not established already.
2026-08-06T08:33:33.1724141+00:00 ContainerStatus: Establishing network if not established already.
2026-08-06T08:33:33.1725012+00:00 ContainerStatus: Mounting volumes.
2026-08-06T08:33:33.1727408+00:00 ContainerStatus: Nested mountpoint 
2026-08-06T08:33:33.2601077+00:00 ContainerStatus: Nested mountpoint volatile/logs
2026-08-06T08:33:33.3103718+00:00 ContainerStatus: Nested mountpoint 
2026-08-06T08:33:33.3295581+00:00 ContainerStatus: Nested mountpoint 
2026-08-06T08:33:33.3396197+00:00 ContainerStatus: Nested mountpoint 
2026-08-06T08:33:33.4187666+00:00 ContainerStatus: Nested mountpoint 
2026-08-06T08:33:34.0953491+00:00 ContainerStatus: State: Starting, Action: CreatingContainer, LastError: ContainerStartupFailure, LastErrorTimestamp: 08/06/2026 08:31:29, LastErrorDetails: Container exited with exit code 3 during startup after 38.7s. Please inspect your container logs for more details., Details: Finished pulling container image and mounting volumes for webappkrant20260805. Allocatinng the rest of the container resources to finish container creation., DetailsLevel: INFO
2026-08-06T08:33:34.0956002+00:00 ContainerStatus: Creating container.
2026-08-06T08:33:34.0956770+00:00 ContainerStatus: Creating pipes for streaming container io.
2026-08-06T08:33:34.0957411+00:00 ContainerStatus: Creating stdout named pipe at /podr/container/pipe/29974a071648_webappkrant20260805/stdout_3a7a45586ad64f45ae74a5322dca5fc8.
2026-08-06T08:33:34.0959239+00:00 ContainerStatus: Successfully created stdout named pipe at: /podr/container/pipe/29974a071648_webappkrant20260805/stdout_3a7a45586ad64f45ae74a5322dca5fc8.
2026-08-06T08:33:34.0959764+00:00 ContainerStatus: Opening named pipe /podr/container/pipe/29974a071648_webappkrant20260805/stdout_3a7a45586ad64f45ae74a5322dca5fc8 for reading in non-blocking mode.
2026-08-06T08:33:34.0960582+00:00 ContainerStatus: Successfully opened named pipe: /podr/container/pipe/29974a071648_webappkrant20260805/stdout_3a7a45586ad64f45ae74a5322dca5fc8.
2026-08-06T08:33:34.0961103+00:00 ContainerStatus: Successfully removed non-blocking flag from /podr/container/pipe/29974a071648_webappkrant20260805/stdout_3a7a45586ad64f45ae74a5322dca5fc8.
2026-08-06T08:33:34.0988278+00:00 ContainerStatus: Creating stderr named pipe at /podr/container/pipe/29974a071648_webappkrant20260805/stderr_7f583909809043ca96bad1982745932f.
2026-08-06T08:33:34.1664696+00:00 ContainerStatus: Successfully created stderr named pipe at: /podr/container/pipe/29974a071648_webappkrant20260805/stderr_7f583909809043ca96bad1982745932f.
2026-08-06T08:33:34.1667575+00:00 ContainerStatus: Opening named pipe /podr/container/pipe/29974a071648_webappkrant20260805/stderr_7f583909809043ca96bad1982745932f for reading in non-blocking mode.
2026-08-06T08:33:34.1669733+00:00 ContainerStatus: Successfully opened named pipe: /podr/container/pipe/29974a071648_webappkrant20260805/stderr_7f583909809043ca96bad1982745932f.
2026-08-06T08:33:34.1671627+00:00 ContainerStatus: Successfully removed non-blocking flag from /podr/container/pipe/29974a071648_webappkrant20260805/stderr_7f583909809043ca96bad1982745932f.
2026-08-06T08:33:34.2331631+00:00 ContainerStatus: Creating container with image: appsvc/python:3.12_20260710.8.tuxprod from registry: 10.1.0.4:13209 and fully qualified image name: 10.1.0.4:13209/appsvc/python:3.12_20260710.8.tuxprod
2026-08-06T08:33:35.4020375+00:00 ContainerStatus: Starting container: 29974a071648_webappkrant20260805.
2026-08-06T08:33:35.5027529+00:00 ContainerStatus: Starting watchers and probes.
2026-08-06T08:33:35.5030674+00:00 ContainerStatus: Starting metrics collection.
2026-08-06T08:33:35.5032367+00:00 ContainerStatus: Container is running.
2026-08-06T08:33:35.5033152+00:00 ContainerStatus: State: Starting, Action: CreatingContainer, LastError: ContainerStartupFailure, LastErrorTimestamp: 08/06/2026 08:31:29, LastErrorDetails: Container exited with exit code 3 during startup after 38.7s. Please inspect your container logs for more details., Details: Container webappkrant20260805 successfully created and is running., DetailsLevel: INFO
2026-08-06T08:33:35.7690287+00:00 ContainerStatus: Container start method finished after 3198 ms.
2026-08-06T08:33:35.7692390+00:00 ContainerStatus: State: Starting, Action: InitiatingSiteWarmUpProbe, LastError: ContainerStartupFailure, LastErrorTimestamp: 08/06/2026 08:31:29, LastErrorDetails: Container exited with exit code 3 during startup after 38.7s. Please inspect your container logs for more details., Details: Container webappkrant20260805 successfully created and is running., DetailsLevel: INFO
2026-08-06T08:33:35.7692639+00:00 ContainerStatus: State: Starting, Action: WaitingForSiteWarmUpProbeSuccess, LastError: ContainerStartupFailure, LastErrorTimestamp: 08/06/2026 08:31:29, LastErrorDetails: Container exited with exit code 3 during startup after 38.7s. Please inspect your container logs for more details., Details: Pinging warmup path to ensure container is ready to receive requests., DetailsLevel: INFO
2026-08-06T08:33:36.3702910+00:00 ContainerStream:    _____                               
2026-08-06T08:33:36.3704726+00:00 ContainerStream:   /  _  \ __________ _________   ____  
2026-08-06T08:33:36.3704855+00:00 ContainerStream:  /  /_\  \\___   /  |  \_  __ \_/ __ \ 
2026-08-06T08:33:36.3704883+00:00 ContainerStream: /    |    \/    /|  |  /|  | \/\  ___/ 
2026-08-06T08:33:36.3704909+00:00 ContainerStream: \____|__  /_____ \____/ |__|    \___  >
2026-08-06T08:33:36.3704939+00:00 ContainerStream:         \/      \/                  \/ 
2026-08-06T08:33:36.3704965+00:00 ContainerStream: A P P   S E R V I C E   O N   L I N U X
2026-08-06T08:33:36.3704987+00:00 ContainerStream: 
2026-08-06T08:33:36.3705027+00:00 ContainerStream: Documentation     : https://aka.ms/webapp-linux
2026-08-06T08:33:36.3705078+00:00 ContainerStream: Python quickstart : https://aka.ms/python-qs
2026-08-06T08:33:36.3705105+00:00 ContainerStream: Python version    : 3.12.13
2026-08-06T08:33:36.3705130+00:00 ContainerStream: Instance name     : lw0sdlwk0000BZ
2026-08-06T08:33:36.3705161+00:00 ContainerStream: Instance id       : 2ddc320b3ce56068eef7d30467cf47281e2049dbabf0cdd575a97ac496677136
2026-08-06T08:33:36.3705184+00:00 ContainerStream: 
2026-08-06T08:33:36.3705209+00:00 ContainerStream: App port          : 8000
2026-08-06T08:33:36.3705235+00:00 ContainerStream: Port selected by  : Default for this image
2026-08-06T08:33:36.3705291+00:00 ContainerStream: (Learn more about the PORT appsetting https://aka.ms/webapp-python-settings)
2026-08-06T08:33:36.3705318+00:00 ContainerStream: 
2026-08-06T08:33:36.3705345+00:00 ContainerStream: Note: Any data outside '/home' is not persisted
2026-08-06T08:33:36.3705368+00:00 ContainerStream: 
2026-08-06T08:33:36.3705418+00:00 ContainerStream: ────────────────────────────────────────────────────────────────
2026-08-06T08:33:36.3705453+00:00 ContainerStream:  Run 'apphelp' for available commands and aliases.
2026-08-06T08:33:36.3705480+00:00 ContainerStream:  Run 'install-nettools' to install networking utilities.
2026-08-06T08:33:36.3705727+00:00 ContainerStream: ────────────────────────────────────────────────────────────────
2026-08-06T08:33:38.0832583+00:00 ContainerStream: Starting OpenBSD Secure Shell server: sshd.
2026-08-06T08:33:38.1573122+00:00 ContainerStream: WEBSITES_INCLUDE_CLOUD_CERTS is not set to true.
2026-08-06T08:33:38.2778423+00:00 ContainerStream: Updating certificates in /etc/ssl/certs...
2026-08-06T08:34:10.9447541+00:00 ContainerStream: rehash: warning: skipping ca-certificates.crt,it does not contain exactly one certificate or CRL
2026-08-06T08:34:11.1072089+00:00 ContainerStream: rehash: warning: skipping duplicate certificate in azl_SSL.com_TLS_RSA_Root_CA_2022.pem
2026-08-06T08:34:11.1566035+00:00 ContainerStream: rehash: warning: skipping duplicate certificate in azl_SSL.com_TLS_ECC_Root_CA_2022.pem
2026-08-06T08:34:11.2313738+00:00 ContainerStream: 4 added, 0 removed; done.
2026-08-06T08:34:11.2476477+00:00 ContainerStream: Running hooks in /etc/ca-certificates/update.d...
2026-08-06T08:34:11.2586113+00:00 ContainerStream: done.
2026-08-06T08:34:11.2886170+00:00 ContainerStream: CA certificates copied and updated successfully.
2026-08-06T08:34:11.5210789+00:00 ContainerStream: Site's appCommandLine: gunicorn --bind=0.0.0.0:8000 app.app:app
2026-08-06T08:34:12.3415806+00:00 ContainerStream: Starting periodic command scheduler: cron.
2026-08-06T08:34:12.3513296+00:00 ContainerStream: Launching oryx with: create-script -appPath /home/site/wwwroot -output /opt/startup/startup.sh -virtualEnvName antenv -defaultApp /opt/defaultsite -userStartupCommand 'gunicorn --bind=0.0.0.0:8000 app.app:app'
2026-08-06T08:34:13.0265079+00:00 ContainerStream: Could not find build manifest file at '/home/site/wwwroot/oryx-manifest.toml'
2026-08-06T08:34:13.0277299+00:00 ContainerStream: Could not find operation ID in manifest. Generating an operation id...
2026-08-06T08:34:13.0460100+00:00 ContainerStream: Build Operation ID: be1bc301-dfb0-4193-92cb-4a1acf373a11
2026-08-06T08:34:14.2463152+00:00 ContainerStream: Oryx Version: 0.2.20260710.1, Commit: 079b5b6294eb97d462d8f96bfa3243e9b85251da, ReleaseTagName: 20260710.1
2026-08-06T08:34:14.3923915+00:00 ContainerStream: Writing output script to '/opt/startup/startup.sh'
2026-08-06T08:34:14.5896182+00:00 ContainerStream: WARNING: Could not find virtual environment directory /home/site/wwwroot/antenv.
2026-08-06T08:34:14.5916587+00:00 ContainerStream: WARNING: Could not find package directory /home/site/wwwroot/__oryx_packages__.
2026-08-06T08:34:17.2731082+00:00 ContainerStream: [2026-08-06 08:34:17 +0000] [1877] [INFO] Starting gunicorn 24.1.1
2026-08-06T08:34:17.2751920+00:00 ContainerStream: [2026-08-06 08:34:17 +0000] [1877] [INFO] Listening at: http://0.0.0.0:8000 (1877)
2026-08-06T08:34:17.2931664+00:00 ContainerStream: [2026-08-06 08:34:17 +0000] [1877] [INFO] Using worker: sync
2026-08-06T08:34:17.5714570+00:00 ContainerStream: [2026-08-06 08:34:17 +0000] [1878] [INFO] Booting worker with pid: 1878
2026-08-06T08:34:20.7946930+00:00 ContainerStream: [2026-08-06 08:34:20 +0000] [1878] [ERROR] Exception in worker process
2026-08-06T08:34:20.7947914+00:00 ContainerStream: Traceback (most recent call last):
2026-08-06T08:34:20.7947960+00:00 ContainerStream:   File "/opt/python/3.12.13/lib/python3.12/site-packages/gunicorn/arbiter.py", line 641, in spawn_worker
2026-08-06T08:34:20.7947993+00:00 ContainerStream:     worker.init_process()
2026-08-06T08:34:20.7948031+00:00 ContainerStream:   File "/opt/python/3.12.13/lib/python3.12/site-packages/gunicorn/workers/base.py", line 135, in init_process
2026-08-06T08:34:20.7948312+00:00 ContainerStream:     self.load_wsgi()
2026-08-06T08:34:20.7948351+00:00 ContainerStream:   File "/opt/python/3.12.13/lib/python3.12/site-packages/gunicorn/workers/base.py", line 147, in load_wsgi
2026-08-06T08:34:20.7948380+00:00 ContainerStream:     self.wsgi = self.app.wsgi()
2026-08-06T08:34:20.7948406+00:00 ContainerStream:                 ^^^^^^^^^^^^^^^
2026-08-06T08:34:20.7948435+00:00 ContainerStream:   File "/opt/python/3.12.13/lib/python3.12/site-packages/gunicorn/app/base.py", line 66, in wsgi
2026-08-06T08:34:20.7948461+00:00 ContainerStream:     self.callable = self.load()
2026-08-06T08:34:20.7948645+00:00 ContainerStream:                     ^^^^^^^^^^^
2026-08-06T08:34:20.7948698+00:00 ContainerStream:   File "/opt/python/3.12.13/lib/python3.12/site-packages/gunicorn/app/wsgiapp.py", line 57, in load
2026-08-06T08:34:20.7948723+00:00 ContainerStream:     return self.load_wsgiapp()
2026-08-06T08:34:20.7948747+00:00 ContainerStream:            ^^^^^^^^^^^^^^^^^^^
2026-08-06T08:34:20.7948777+00:00 ContainerStream:   File "/opt/python/3.12.13/lib/python3.12/site-packages/gunicorn/app/wsgiapp.py", line 47, in load_wsgiapp
2026-08-06T08:34:20.7948803+00:00 ContainerStream:     return util.import_app(self.app_uri)
2026-08-06T08:34:20.7948828+00:00 ContainerStream:            ^^^^^^^^^^^^^^^^^^^^^^^^^^^^^
2026-08-06T08:34:20.7948857+00:00 ContainerStream:   File "/opt/python/3.12.13/lib/python3.12/site-packages/gunicorn/util.py", line 366, in import_app
2026-08-06T08:34:20.7948907+00:00 ContainerStream:     mod = importlib.import_module(module)
2026-08-06T08:34:20.7948933+00:00 ContainerStream:           ^^^^^^^^^^^^^^^^^^^^^^^^^^^^^^^
2026-08-06T08:34:20.7948961+00:00 ContainerStream:   File "/opt/python/3.12.13/lib/python3.12/importlib/__init__.py", line 90, in import_module
2026-08-06T08:34:20.7948988+00:00 ContainerStream:     return _bootstrap._gcd_import(name[level:], package, level)
2026-08-06T08:34:20.7949014+00:00 ContainerStream:            ^^^^^^^^^^^^^^^^^^^^^^^^^^^^^^^^^^^^^^^^^^^^^^^^^^^^
2026-08-06T08:34:20.7949040+00:00 ContainerStream:   File "<frozen importlib._bootstrap>", line 1387, in _gcd_import
2026-08-06T08:34:20.7949228+00:00 ContainerStream:   File "<frozen importlib._bootstrap>", line 1360, in _find_and_load
2026-08-06T08:34:20.7949281+00:00 ContainerStream:   File "<frozen importlib._bootstrap>", line 1319, in _find_and_load_unlocked
2026-08-06T08:34:20.7949307+00:00 ContainerStream: ModuleNotFoundError: No module named 'app.app'; 'app' is not a package
2026-08-06T08:34:20.7973544+00:00 ContainerStream: No module named 'app.app'; 'app' is not a package
2026-08-06T08:34:20.8069585+00:00 ContainerStream: [2026-08-06 08:34:20 +0000] [1878] [INFO] Worker exiting (pid: 1878)
2026-08-06T08:34:21.7657600+00:00 ContainerStream: [2026-08-06 08:34:21 +0000] [1877] [ERROR] Worker (pid:1878) exited with code 3.
2026-08-06T08:34:21.7827781+00:00 ContainerStream: [2026-08-06 08:34:21 +0000] [1877] [ERROR] Shutting down: Master
2026-08-06T08:34:21.7828261+00:00 ContainerStream: [2026-08-06 08:34:21 +0000] [1877] [ERROR] Reason: Worker failed to boot.
2026-08-06T08:34:22.2865353+00:00 ContainerStatus: Container has finished running with exit code: 3.
2026-08-06T08:34:22.2879086+00:00 ContainerStatus: Container is terminating. Grace period: 5 seconds.
2026-08-06T08:34:22.2963640+00:00 ContainerStatus: Stop and delete container. Retry count = 0
2026-08-06T08:34:22.2968015+00:00 ContainerStatus: Stopping container: 29974a071648_webappkrant20260805.
2026-08-06T08:34:22.3974410+00:00 ContainerStatus: Deleting container: 29974a071648_webappkrant20260805. Retry count = 0
2026-08-06T08:34:22.7665450+00:00 ContainerStatus: Container spec TerminationMessagePolicy  path 
2026-08-06T08:34:22.8260902+00:00 ContainerStatus: Container is terminated. Total time elapsed: 478 ms.
2026-08-06T08:34:22.8519742+00:00 ContainerStatus: Site container: webappkrant20260805 terminated during site startup.
2026-08-06T08:34:22.8521785+00:00 ContainerStatus: State: Stopping, Action: CancellingStartup, LastError: ContainerStartupFailure, LastErrorTimestamp: 08/06/2026 08:31:29, LastErrorDetails: Container exited with exit code 3 during startup after 38.7s. Please inspect your container logs for more details., Details: Site container: webappkrant20260805 terminated during site startup. Cancelling site startup., DetailsLevel: ERR
2026-08-06T08:34:23.1207276+00:00 ContainerStatus: Site startup probe failed after 47.2506021 seconds.
2026-08-06T08:34:23.4869011+00:00 ContainerStatus: State: Stopping, Action: CancellingStartup, LastError: ContainerStartupFailure, LastErrorTimestamp: 08/06/2026 08:34:23, LastErrorDetails: Container exited with exit code 3 during startup after 47.3s. Please inspect your container logs for more details., Details: Site container: webappkrant20260805 terminated during site startup. Cancelling site startup., DetailsLevel: ERR
2026-08-06T08:34:23.5567833+00:00 ContainerStatus: Failed to start site. Revert by stopping site.
2026-08-06T08:34:23.5569259+00:00 ContainerStatus: State: Stopping, Action: StoppingSite, LastError: ContainerStartupFailure, LastErrorTimestamp: 08/06/2026 08:34:23, LastErrorDetails: Container exited with exit code 3 during startup after 47.3s. Please inspect your container logs for more details., Details: Site container: webappkrant20260805 terminated during site startup. Cancelling site startup., DetailsLevel: ERR
2026-08-06T08:34:23.5739944+00:00 ContainerStatus: State: Stopping, Action: StoppingSiteContainers, LastError: ContainerStartupFailure, LastErrorTimestamp: 08/06/2026 08:34:23, LastErrorDetails: Container exited with exit code 3 during startup after 47.3s. Please inspect your container logs for more details., Details: Site container: webappkrant20260805 terminated during site startup. Cancelling site startup., DetailsLevel: ERR
2026-08-06T08:34:24.5556558+00:00 ContainerStatus: Site container: webappkrant20260805_managedIdentity terminated during site startup.
2026-08-06T08:34:24.5637231+00:00 ContainerStatus: State: Stopping, Action: StoppingSiteContainers, LastError: ContainerStartupFailure, LastErrorTimestamp: 08/06/2026 08:34:23, LastErrorDetails: Container exited with exit code 3 during startup after 47.3s. Please inspect your container logs for more details., Details: Site container: webappkrant20260805 terminated during site startup. Cancelling site startup., DetailsLevel: ERR
2026-08-06T08:34:24.5650870+00:00 ContainerStatus: Site: webappkrant20260805 stopped.
========== New Cold Start Attempt (2026-08-06T08:34:24.5749427+00:00) ==========
2026-08-06T08:34:24.5749427+00:00 ContainerStatus: State: Stopping, Action: UnmountingVolumes, LastError: ContainerStartupFailure, LastErrorTimestamp: 08/06/2026 08:34:23, LastErrorDetails: Container exited with exit code 3 during startup after 47.3s. Please inspect your container logs for more details., Details: Site container: webappkrant20260805 terminated during site startup. Cancelling site startup., DetailsLevel: ERR
2026-08-06T08:34:25.3487290+00:00 ContainerStatus: State: Stopping, Action: StoppingSiteNetworks, LastError: ContainerStartupFailure, LastErrorTimestamp: 08/06/2026 08:34:23, LastErrorDetails: Container exited with exit code 3 during startup after 47.3s. Please inspect your container logs for more details., Details: Site container: webappkrant20260805 terminated during site startup. Cancelling site startup., DetailsLevel: ERR
2026-08-06T08:34:26.2873197+00:00 ContainerStatus: State: Stopped, Action: None, LastError: ContainerStartupFailure, LastErrorTimestamp: 08/06/2026 08:34:23, LastErrorDetails: Container exited with exit code 3 during startup after 47.3s. Please inspect your container logs for more details., Details: Site stopped at 08/06/2026 08:34:26 (UTC), DetailsLevel: ERR
2026-08-06T08:34:27.4909266+00:00 ContainerStatus: State: Stopped, Action: None, LastError: ContainerStartupFailure, LastErrorTimestamp: 08/06/2026 08:34:23, LastErrorDetails: Container exited with exit code 3 during startup after 47.3s. Please inspect your container logs for more details., Details: Site stopped at 08/06/2026 08:34:26 (UTC), DetailsLevel: ERR
2026-08-06T08:34:55.0107527+00:00 ContainerStatus: State: Starting, Action: EstablishingSiteNetworks, LastError: ContainerStartupFailure, LastErrorTimestamp: 08/06/2026 08:34:23, LastErrorDetails: Container exited with exit code 3 during startup after 47.3s. Please inspect your container logs for more details., Details: Site stopped at 08/06/2026 08:34:26 (UTC), DetailsLevel: ERR
2026-08-06T08:34:58.1497832+00:00 ContainerStatus: State: Starting, Action: StartingMsiContainer, LastError: ContainerStartupFailure, LastErrorTimestamp: 08/06/2026 08:34:23, LastErrorDetails: Container exited with exit code 3 during startup after 47.3s. Please inspect your container logs for more details., Details: Site stopped at 08/06/2026 08:34:26 (UTC), DetailsLevel: ERR
2026-08-06T08:35:17.9793031+00:00 ContainerStatus: State: Starting, Action: StartingSiteContainers, LastError: ContainerStartupFailure, LastErrorTimestamp: 08/06/2026 08:34:23, LastErrorDetails: Container exited with exit code 3 during startup after 47.3s. Please inspect your container logs for more details., Details: Site stopped at 08/06/2026 08:34:26 (UTC), DetailsLevel: ERR
2026-08-06T08:35:17.9794477+00:00 ContainerStatus: Container start method called.
2026-08-06T08:35:17.9795354+00:00 ContainerStatus: State: Starting, Action: PullingImage, LastError: ContainerStartupFailure, LastErrorTimestamp: 08/06/2026 08:34:23, LastErrorDetails: Container exited with exit code 3 during startup after 47.3s. Please inspect your container logs for more details., Details: Pulling image 10.1.0.4:13209/appsvc/python:3.12_20260710.8.tuxprod for webappkrant20260805., DetailsLevel: INFO
2026-08-06T08:35:17.9796340+00:00 ContainerStatus: Establishing network.
2026-08-06T08:35:17.9797518+00:00 ContainerStatus: Pulling image: appsvc/python:3.12_20260710.8.tuxprod.
2026-08-06T08:35:18.4309353+00:00 ContainerStatus: Container is starting.
2026-08-06T08:35:18.4310161+00:00 ContainerStatus: State: Starting, Action: MountingVolumes, LastError: ContainerStartupFailure, LastErrorTimestamp: 08/06/2026 08:34:23, LastErrorDetails: Container exited with exit code 3 during startup after 47.3s. Please inspect your container logs for more details., Details: Mounting volumes for webappkrant20260805., DetailsLevel: INFO
2026-08-06T08:35:18.4310833+00:00 ContainerStatus: Establishing user namespace if not established already.
2026-08-06T08:35:18.4311397+00:00 ContainerStatus: Establishing network if not established already.
2026-08-06T08:35:18.4312059+00:00 ContainerStatus: Mounting volumes.
2026-08-06T08:35:18.4313053+00:00 ContainerStatus: Nested mountpoint 
2026-08-06T08:35:18.5571385+00:00 ContainerStatus: Nested mountpoint volatile/logs
2026-08-06T08:35:18.6463119+00:00 ContainerStatus: Nested mountpoint 
2026-08-06T08:35:18.7621144+00:00 ContainerStatus: Nested mountpoint 
2026-08-06T08:35:18.9273018+00:00 ContainerStatus: Nested mountpoint 
2026-08-06T08:35:19.1648614+00:00 ContainerStatus: Nested mountpoint 
2026-08-06T08:35:19.7647431+00:00 ContainerStatus: State: Starting, Action: CreatingContainer, LastError: ContainerStartupFailure, LastErrorTimestamp: 08/06/2026 08:34:23, LastErrorDetails: Container exited with exit code 3 during startup after 47.3s. Please inspect your container logs for more details., Details: Finished pulling container image and mounting volumes for webappkrant20260805. Allocatinng the rest of the container resources to finish container creation., DetailsLevel: INFO
2026-08-06T08:35:19.7648408+00:00 ContainerStatus: Creating container.
2026-08-06T08:35:19.7648994+00:00 ContainerStatus: Creating pipes for streaming container io.
2026-08-06T08:35:19.7649605+00:00 ContainerStatus: Creating stdout named pipe at /podr/container/pipe/dfef5091f42a_webappkrant20260805/stdout_8c6ffa4b77bc428c990b483d55e652bf.
2026-08-06T08:35:19.7651343+00:00 ContainerStatus: Successfully created stdout named pipe at: /podr/container/pipe/dfef5091f42a_webappkrant20260805/stdout_8c6ffa4b77bc428c990b483d55e652bf.
2026-08-06T08:35:19.7651862+00:00 ContainerStatus: Opening named pipe /podr/container/pipe/dfef5091f42a_webappkrant20260805/stdout_8c6ffa4b77bc428c990b483d55e652bf for reading in non-blocking mode.
2026-08-06T08:35:19.7652652+00:00 ContainerStatus: Successfully opened named pipe: /podr/container/pipe/dfef5091f42a_webappkrant20260805/stdout_8c6ffa4b77bc428c990b483d55e652bf.
2026-08-06T08:35:19.7653161+00:00 ContainerStatus: Successfully removed non-blocking flag from /podr/container/pipe/dfef5091f42a_webappkrant20260805/stdout_8c6ffa4b77bc428c990b483d55e652bf.
2026-08-06T08:35:19.8545361+00:00 ContainerStatus: Creating stderr named pipe at /podr/container/pipe/dfef5091f42a_webappkrant20260805/stderr_2328ce6ad06f4a159f4645462f76847d.
2026-08-06T08:35:19.8644676+00:00 ContainerStatus: Successfully created stderr named pipe at: /podr/container/pipe/dfef5091f42a_webappkrant20260805/stderr_2328ce6ad06f4a159f4645462f76847d.
2026-08-06T08:35:19.8646238+00:00 ContainerStatus: Opening named pipe /podr/container/pipe/dfef5091f42a_webappkrant20260805/stderr_2328ce6ad06f4a159f4645462f76847d for reading in non-blocking mode.
2026-08-06T08:35:19.8647671+00:00 ContainerStatus: Successfully opened named pipe: /podr/container/pipe/dfef5091f42a_webappkrant20260805/stderr_2328ce6ad06f4a159f4645462f76847d.
2026-08-06T08:35:19.8648340+00:00 ContainerStatus: Successfully removed non-blocking flag from /podr/container/pipe/dfef5091f42a_webappkrant20260805/stderr_2328ce6ad06f4a159f4645462f76847d.
2026-08-06T08:35:19.8720747+00:00 ContainerStatus: Creating container with image: appsvc/python:3.12_20260710.8.tuxprod from registry: 10.1.0.4:13209 and fully qualified image name: 10.1.0.4:13209/appsvc/python:3.12_20260710.8.tuxprod
2026-08-06T08:35:21.4430320+00:00 ContainerStatus: Starting container: dfef5091f42a_webappkrant20260805.
2026-08-06T08:35:21.6307353+00:00 ContainerStatus: Starting watchers and probes.
2026-08-06T08:35:21.7064421+00:00 ContainerStatus: Starting metrics collection.
2026-08-06T08:35:21.7065599+00:00 ContainerStatus: Container is running.
2026-08-06T08:35:21.7066427+00:00 ContainerStatus: State: Starting, Action: CreatingContainer, LastError: ContainerStartupFailure, LastErrorTimestamp: 08/06/2026 08:34:23, LastErrorDetails: Container exited with exit code 3 during startup after 47.3s. Please inspect your container logs for more details., Details: Container webappkrant20260805 successfully created and is running., DetailsLevel: INFO
2026-08-06T08:35:21.9354899+00:00 ContainerStream:    _____                               
2026-08-06T08:35:21.9355218+00:00 ContainerStream:   /  _  \ __________ _________   ____  
2026-08-06T08:35:21.9355362+00:00 ContainerStream:  /  /_\  \\___   /  |  \_  __ \_/ __ \ 
2026-08-06T08:35:21.9355384+00:00 ContainerStream: /    |    \/    /|  |  /|  | \/\  ___/ 
2026-08-06T08:35:21.9355408+00:00 ContainerStream: \____|__  /_____ \____/ |__|    \___  >
2026-08-06T08:35:21.9355429+00:00 ContainerStream:         \/      \/                  \/ 
2026-08-06T08:35:21.9355451+00:00 ContainerStream: A P P   S E R V I C E   O N   L I N U X
2026-08-06T08:35:21.9355469+00:00 ContainerStream: 
2026-08-06T08:35:21.9355492+00:00 ContainerStream: Documentation     : https://aka.ms/webapp-linux
2026-08-06T08:35:21.9355513+00:00 ContainerStream: Python quickstart : https://aka.ms/python-qs
2026-08-06T08:35:21.9355535+00:00 ContainerStream: Python version    : 3.12.13
2026-08-06T08:35:21.9355556+00:00 ContainerStream: Instance name     : lw0sdlwk0000BZ
2026-08-06T08:35:21.9355581+00:00 ContainerStream: Instance id       : 2ddc320b3ce56068eef7d30467cf47281e2049dbabf0cdd575a97ac496677136
2026-08-06T08:35:21.9355600+00:00 ContainerStream: 
2026-08-06T08:35:21.9355620+00:00 ContainerStream: App port          : 8000
2026-08-06T08:35:21.9355668+00:00 ContainerStream: Port selected by  : Default for this image
2026-08-06T08:35:21.9355693+00:00 ContainerStream: (Learn more about the PORT appsetting https://aka.ms/webapp-python-settings)
2026-08-06T08:35:21.9355711+00:00 ContainerStream: 
2026-08-06T08:35:21.9355734+00:00 ContainerStream: Note: Any data outside '/home' is not persisted
2026-08-06T08:35:21.9355752+00:00 ContainerStream: 
2026-08-06T08:35:21.9355795+00:00 ContainerStream: ────────────────────────────────────────────────────────────────
2026-08-06T08:35:21.9355818+00:00 ContainerStream:  Run 'apphelp' for available commands and aliases.
2026-08-06T08:35:21.9355841+00:00 ContainerStream:  Run 'install-nettools' to install networking utilities.
2026-08-06T08:35:21.9355874+00:00 ContainerStream: ────────────────────────────────────────────────────────────────
2026-08-06T08:35:22.3512070+00:00 ContainerStatus: Container start method finished after 4371 ms.
2026-08-06T08:35:22.3513603+00:00 ContainerStatus: State: Starting, Action: InitiatingSiteWarmUpProbe, LastError: ContainerStartupFailure, LastErrorTimestamp: 08/06/2026 08:34:23, LastErrorDetails: Container exited with exit code 3 during startup after 47.3s. Please inspect your container logs for more details., Details: Container webappkrant20260805 successfully created and is running., DetailsLevel: INFO
2026-08-06T08:35:22.3513908+00:00 ContainerStatus: State: Starting, Action: WaitingForSiteWarmUpProbeSuccess, LastError: ContainerStartupFailure, LastErrorTimestamp: 08/06/2026 08:34:23, LastErrorDetails: Container exited with exit code 3 during startup after 47.3s. Please inspect your container logs for more details., Details: Pinging warmup path to ensure container is ready to receive requests., DetailsLevel: INFO
2026-08-06T08:35:27.1082325+00:00 ContainerStream: Starting OpenBSD Secure Shell server: sshd.
2026-08-06T08:35:27.1482215+00:00 ContainerStream: WEBSITES_INCLUDE_CLOUD_CERTS is not set to true.
2026-08-06T08:35:27.2251848+00:00 ContainerStream: Updating certificates in /etc/ssl/certs...
2026-08-06T08:35:52.1170192+00:00 ContainerStream: rehash: warning: skipping ca-certificates.crt,it does not contain exactly one certificate or CRL
2026-08-06T08:35:52.2734318+00:00 ContainerStream: rehash: warning: skipping duplicate certificate in azl_SSL.com_TLS_RSA_Root_CA_2022.pem
2026-08-06T08:35:52.3911027+00:00 ContainerStream: rehash: warning: skipping duplicate certificate in azl_SSL.com_TLS_ECC_Root_CA_2022.pem
2026-08-06T08:35:52.5106789+00:00 ContainerStream: 4 added, 0 removed; done.
2026-08-06T08:35:52.5122116+00:00 ContainerStream: Running hooks in /etc/ca-certificates/update.d...
2026-08-06T08:35:52.5291249+00:00 ContainerStream: done.
2026-08-06T08:35:52.5582852+00:00 ContainerStream: CA certificates copied and updated successfully.
2026-08-06T08:35:52.9021931+00:00 ContainerStream: Site's appCommandLine: gunicorn --bind=0.0.0.0:8000 app.app:app
2026-08-06T08:35:53.5189514+00:00 ContainerStream: Starting periodic command scheduler: cron.
2026-08-06T08:35:53.5199528+00:00 ContainerStream: Launching oryx with: create-script -appPath /home/site/wwwroot -output /opt/startup/startup.sh -virtualEnvName antenv -defaultApp /opt/defaultsite -userStartupCommand 'gunicorn --bind=0.0.0.0:8000 app.app:app'
2026-08-06T08:35:53.8401144+00:00 ContainerStream: Could not find build manifest file at '/home/site/wwwroot/oryx-manifest.toml'
2026-08-06T08:35:53.8408035+00:00 ContainerStream: Could not find operation ID in manifest. Generating an operation id...
2026-08-06T08:35:53.8419403+00:00 ContainerStream: Build Operation ID: e47e4032-a233-4ba9-85fc-481a939f182b
2026-08-06T08:35:54.9099758+00:00 ContainerStream: Oryx Version: 0.2.20260710.1, Commit: 079b5b6294eb97d462d8f96bfa3243e9b85251da, ReleaseTagName: 20260710.1
2026-08-06T08:35:55.0937129+00:00 ContainerStream: Writing output script to '/opt/startup/startup.sh'
2026-08-06T08:35:55.3190120+00:00 ContainerStream: WARNING: Could not find virtual environment directory /home/site/wwwroot/antenv.
2026-08-06T08:35:55.3260401+00:00 ContainerStream: WARNING: Could not find package directory /home/site/wwwroot/__oryx_packages__.
2026-08-06T08:35:57.0568875+00:00 ContainerStream: [2026-08-06 08:35:57 +0000] [1871] [INFO] Starting gunicorn 24.1.1
2026-08-06T08:35:57.0586012+00:00 ContainerStream: [2026-08-06 08:35:57 +0000] [1871] [INFO] Listening at: http://0.0.0.0:8000 (1871)
2026-08-06T08:35:57.0595746+00:00 ContainerStream: [2026-08-06 08:35:57 +0000] [1871] [INFO] Using worker: sync
2026-08-06T08:35:57.1066228+00:00 ContainerStream: [2026-08-06 08:35:57 +0000] [1874] [INFO] Booting worker with pid: 1874
2026-08-06T08:35:58.4444067+00:00 ContainerStream: [2026-08-06 08:35:58 +0000] [1874] [ERROR] Exception in worker process
2026-08-06T08:35:58.4444691+00:00 ContainerStream: Traceback (most recent call last):
2026-08-06T08:35:58.4444730+00:00 ContainerStream:   File "/opt/python/3.12.13/lib/python3.12/site-packages/gunicorn/arbiter.py", line 641, in spawn_worker
2026-08-06T08:35:58.4444751+00:00 ContainerStream:     worker.init_process()
2026-08-06T08:35:58.4444777+00:00 ContainerStream:   File "/opt/python/3.12.13/lib/python3.12/site-packages/gunicorn/workers/base.py", line 135, in init_process
2026-08-06T08:35:58.4444800+00:00 ContainerStream:     self.load_wsgi()
2026-08-06T08:35:58.4444833+00:00 ContainerStream:   File "/opt/python/3.12.13/lib/python3.12/site-packages/gunicorn/workers/base.py", line 147, in load_wsgi
2026-08-06T08:35:58.4444966+00:00 ContainerStream:     self.wsgi = self.app.wsgi()
2026-08-06T08:35:58.4444987+00:00 ContainerStream:                 ^^^^^^^^^^^^^^^
2026-08-06T08:35:58.4445011+00:00 ContainerStream:   File "/opt/python/3.12.13/lib/python3.12/site-packages/gunicorn/app/base.py", line 66, in wsgi
2026-08-06T08:35:58.4445033+00:00 ContainerStream:     self.callable = self.load()
2026-08-06T08:35:58.4445053+00:00 ContainerStream:                     ^^^^^^^^^^^
2026-08-06T08:35:58.4445079+00:00 ContainerStream:   File "/opt/python/3.12.13/lib/python3.12/site-packages/gunicorn/app/wsgiapp.py", line 57, in load
2026-08-06T08:35:58.4445100+00:00 ContainerStream:     return self.load_wsgiapp()
2026-08-06T08:35:58.4445120+00:00 ContainerStream:            ^^^^^^^^^^^^^^^^^^^
2026-08-06T08:35:58.4445147+00:00 ContainerStream:   File "/opt/python/3.12.13/lib/python3.12/site-packages/gunicorn/app/wsgiapp.py", line 47, in load_wsgiapp
2026-08-06T08:35:58.4445169+00:00 ContainerStream:     return util.import_app(self.app_uri)
2026-08-06T08:35:58.4445190+00:00 ContainerStream:            ^^^^^^^^^^^^^^^^^^^^^^^^^^^^^
2026-08-06T08:35:58.4445215+00:00 ContainerStream:   File "/opt/python/3.12.13/lib/python3.12/site-packages/gunicorn/util.py", line 366, in import_app
2026-08-06T08:35:58.4445268+00:00 ContainerStream:     mod = importlib.import_module(module)
2026-08-06T08:35:58.4445289+00:00 ContainerStream:           ^^^^^^^^^^^^^^^^^^^^^^^^^^^^^^^
2026-08-06T08:35:58.4445315+00:00 ContainerStream:   File "/opt/python/3.12.13/lib/python3.12/importlib/__init__.py", line 90, in import_module
2026-08-06T08:35:58.4445339+00:00 ContainerStream:     return _bootstrap._gcd_import(name[level:], package, level)
2026-08-06T08:35:58.4445361+00:00 ContainerStream:            ^^^^^^^^^^^^^^^^^^^^^^^^^^^^^^^^^^^^^^^^^^^^^^^^^^^^
2026-08-06T08:35:58.4445386+00:00 ContainerStream:   File "<frozen importlib._bootstrap>", line 1387, in _gcd_import
2026-08-06T08:35:58.4445409+00:00 ContainerStream:   File "<frozen importlib._bootstrap>", line 1360, in _find_and_load
2026-08-06T08:35:58.4445432+00:00 ContainerStream:   File "<frozen importlib._bootstrap>", line 1319, in _find_and_load_unlocked
2026-08-06T08:35:58.4445456+00:00 ContainerStream: ModuleNotFoundError: No module named 'app.app'; 'app' is not a package
2026-08-06T08:35:58.4467154+00:00 ContainerStream: No module named 'app.app'; 'app' is not a package
2026-08-06T08:35:58.4646191+00:00 ContainerStream: [2026-08-06 08:35:58 +0000] [1874] [INFO] Worker exiting (pid: 1874)
2026-08-06T08:35:59.1378705+00:00 ContainerStream: [2026-08-06 08:35:59 +0000] [1871] [ERROR] Worker (pid:1874) exited with code 3.
2026-08-06T08:35:59.1834393+00:00 ContainerStream: [2026-08-06 08:35:59 +0000] [1871] [ERROR] Shutting down: Master
2026-08-06T08:35:59.1834658+00:00 ContainerStream: [2026-08-06 08:35:59 +0000] [1871] [ERROR] Reason: Worker failed to boot.
2026-08-06T08:35:59.4338390+00:00 ContainerStatus: Container has finished running with exit code: 3.
2026-08-06T08:35:59.4339854+00:00 ContainerStatus: Container is terminating. Grace period: 5 seconds.
2026-08-06T08:35:59.4343976+00:00 ContainerStatus: Stop and delete container. Retry count = 0
2026-08-06T08:35:59.4344628+00:00 ContainerStatus: Stopping container: dfef5091f42a_webappkrant20260805.
2026-08-06T08:35:59.5714453+00:00 ContainerStatus: Deleting container: dfef5091f42a_webappkrant20260805. Retry count = 0
2026-08-06T08:35:59.9206793+00:00 ContainerStatus: Container spec TerminationMessagePolicy  path 
2026-08-06T08:35:59.9211311+00:00 ContainerStatus: Container is terminated. Total time elapsed: 486 ms.
2026-08-06T08:35:59.9216615+00:00 ContainerStatus: Site container: webappkrant20260805 terminated during site startup.
2026-08-06T08:35:59.9219477+00:00 ContainerStatus: State: Stopping, Action: CancellingStartup, LastError: ContainerStartupFailure, LastErrorTimestamp: 08/06/2026 08:34:23, LastErrorDetails: Container exited with exit code 3 during startup after 47.3s. Please inspect your container logs for more details., Details: Site container: webappkrant20260805 terminated during site startup. Cancelling site startup., DetailsLevel: ERR
2026-08-06T08:36:00.1084955+00:00 ContainerStatus: Site startup probe failed after 37.7566489 seconds.
2026-08-06T08:36:00.8685752+00:00 ContainerStatus: State: Stopping, Action: CancellingStartup, LastError: ContainerStartupFailure, LastErrorTimestamp: 08/06/2026 08:36:00, LastErrorDetails: Container exited with exit code 3 during startup after 38.3s. Please inspect your container logs for more details., Details: Site container: webappkrant20260805 terminated during site startup. Cancelling site startup., DetailsLevel: ERR
2026-08-06T08:36:00.9072470+00:00 ContainerStatus: Failed to start site. Revert by stopping site.
2026-08-06T08:36:00.9073969+00:00 ContainerStatus: State: Stopping, Action: StoppingSite, LastError: ContainerStartupFailure, LastErrorTimestamp: 08/06/2026 08:36:00, LastErrorDetails: Container exited with exit code 3 during startup after 38.3s. Please inspect your container logs for more details., Details: Site container: webappkrant20260805 terminated during site startup. Cancelling site startup., DetailsLevel: ERR
2026-08-06T08:36:00.9075591+00:00 ContainerStatus: State: Stopping, Action: StoppingSiteContainers, LastError: ContainerStartupFailure, LastErrorTimestamp: 08/06/2026 08:36:00, LastErrorDetails: Container exited with exit code 3 during startup after 38.3s. Please inspect your container logs for more details., Details: Site container: webappkrant20260805 terminated during site startup. Cancelling site startup., DetailsLevel: ERR
2026-08-06T08:36:01.4679211+00:00 ContainerStatus: Site container: webappkrant20260805_managedIdentity terminated during site startup.
2026-08-06T08:36:01.4693647+00:00 ContainerStatus: State: Stopping, Action: StoppingSiteContainers, LastError: ContainerStartupFailure, LastErrorTimestamp: 08/06/2026 08:36:00, LastErrorDetails: Container exited with exit code 3 during startup after 38.3s. Please inspect your container logs for more details., Details: Site container: webappkrant20260805 terminated during site startup. Cancelling site startup., DetailsLevel: ERR
2026-08-06T08:36:01.4754846+00:00 ContainerStatus: Site: webappkrant20260805 stopped.
